booking_id,lead_id,client_id,package_id,package_name,service_category,booking_date,session_date,booking_status,booking_value,lead_source,inquiry_date,first_response_at,variable_cost,amount_paid,session_completed,outstanding_balance,net_revenue,gross_profit,days_to_booking,response_hours,month
1,1082,991,5,Brand Builder,Branding/headshots,2025-10-28,2026-02-02,completed,781.27,Instagram,2025-10-15,2025-10-15 21:00:00,210,781.27,True,0.0,781.27,571.27,13,21.0,2025-10
2,150,686,5,Brand Builder,Branding/headshots,2025-04-12,2025-04-21,completed,768.73,Paid Advertisement,2025-03-19,2025-03-20 18:00:00,210,768.73,True,0.0,768.73,558.73,24,42.0,2025-04
3,1158,1066,1,Mini Moment,Mini sessions,2024-09-14,2024-10-15,completed,223.55,Google Search,2024-08-27,2024-08-29 14:00:00,55,223.55,True,0.0,223.55,168.55,18,62.0,2024-09
4,103,985,3,Signature Story,Couples,2024-04-29,2024-07-08,rescheduled,695.62,Referral,2024-04-18,2024-04-20 13:00:00,145,695.62,False,0.0,695.62,550.62,11,61.0,2024-04
5,1717,100,4,Milestone,Graduation,2025-07-19,2025-09-15,rescheduled,559.32,Instagram,2025-07-08,2025-07-09 07:00:00,120,559.32,False,0.0,559.32,439.32000000000005,11,31.0,2025-07
6,301,70,2,Essential Portrait,Newborn,2024-02-28,2024-06-21,completed,498.25,Repeat Client,2024-02-20,2024-02-20 16:00:00,110,498.25,True,0.0,498.25,388.25,8,16.0,2024-02
7,1010,180,5,Brand Builder,Branding/headshots,2025-05-19,2025-06-16,completed,859.01,Repeat Client,2025-05-01,2025-05-02 17:00:00,210,859.01,True,0.0,859.01,649.01,18,41.0,2025-05
8,889,789,2,Essential Portrait,Family portraits,2025-09-24,2025-11-14,cancelled,487.17,Google Search,2025-09-01,2025-09-03 23:00:00,110,487.17,False,0.0,487.17,377.17,23,71.0,2025-09
9,1706,513,2,Essential Portrait,Newborn,2025-07-28,2025-11-08,rescheduled,496.35,Google Search,2025-07-25,2025-07-26 11:00:00,110,496.35,False,0.0,496.35,386.35,3,35.0,2025-07
10,770,440,4,Milestone,Graduation,2024-11-06,2025-01-31,cancelled,493.63,Instagram,2024-10-25,2024-10-26 22:00:00,120,493.63,False,0.0,493.63,373.63,12,46.0,2024-11
11,460,44,5,Brand Builder,Branding/headshots,2025-11-11,2025-12-29,completed,793.73,Referral,2025-10-31,2025-11-02 13:00:00,210,277.81,True,515.9200000000001,277.81,67.81,11,61.0,2025-11
12,1788,185,4,Milestone,Graduation,2024-11-21,2025-01-20,completed,522.63,Instagram,2024-11-08,2024-11-09 20:00:00,120,522.63,True,0.0,522.63,402.63,13,44.0,2024-11
13,1632,119,4,Milestone,Graduation,2024-12-28,2025-04-07,completed,560.59,Referral,2024-12-20,2024-12-20 03:00:00,120,280.29,True,280.3,280.29,160.29000000000002,8,3.0,2024-12
14,1212,721,4,Milestone,Graduation,2025-12-20,2026-01-23,completed,525.69,Repeat Client,2025-12-08,2025-12-10 17:00:00,120,525.69,True,0.0,525.69,405.69000000000005,12,65.0,2025-12
15,1547,330,2,Essential Portrait,Family portraits,2025-01-02,2025-01-18,rescheduled,458.08,Facebook,2024-12-20,2024-12-21 13:00:00,110,160.33,False,297.75,160.33,50.33000000000001,13,37.0,2025-01
16,694,186,1,Mini Moment,Mini sessions,2025-04-03,2025-06-28,completed,230.02,Paid Advertisement,2025-03-17,2025-03-19 07:00:00,55,230.02,True,0.0,230.02,175.02,17,55.0,2025-04
17,625,842,5,Brand Builder,Branding/headshots,2025-05-14,2025-09-07,completed,901.78,Google Search,2025-05-07,2025-05-07 19:00:00,210,0.0,True,901.78,0.0,-210.0,7,19.0,2025-05
18,116,1156,2,Essential Portrait,Newborn,2024-11-09,2025-02-18,completed,508.78,Local Event,2024-10-20,2024-10-22 05:00:00,110,254.39,True,254.39,254.39,144.39,20,53.0,2024-11
19,234,295,2,Essential Portrait,Family portraits,2024-11-03,2024-12-03,completed,487.46,Referral,2024-11-01,2024-11-02 23:00:00,110,487.46,True,0.0,487.46,377.46,2,47.0,2024-11
20,1499,476,1,Mini Moment,Mini sessions,2024-04-05,2024-06-18,completed,212.32,Instagram,2024-04-01,2024-04-03 00:00:00,55,212.32,True,0.0,212.32,157.32,4,48.0,2024-04
21,992,541,2,Essential Portrait,Family portraits,2024-10-17,2025-01-02,completed,511.3,Instagram,2024-10-04,2024-10-06 14:00:00,110,511.3,True,0.0,511.3,401.3,13,62.0,2024-10
22,24,113,6,Wedding Collection,Weddings,2025-05-31,2025-06-22,completed,2931.12,Instagram,2025-05-26,2025-05-28 13:00:00,1150,2931.12,True,0.0,2931.12,1781.12,5,61.0,2025-05
23,81,996,6,Wedding Collection,Weddings,2025-03-19,2025-07-17,completed,3377.95,Paid Advertisement,2025-03-16,2025-03-16 08:00:00,1150,3377.95,True,0.0,3377.95,2227.95,3,8.0,2025-03
24,1682,673,3,Signature Story,Couples,2025-06-25,2025-07-29,rescheduled,634.05,Paid Advertisement,2025-06-24,2025-06-25 22:00:00,145,634.05,False,0.0,634.05,489.04999999999995,1,46.0,2025-06
25,513,875,5,Brand Builder,Branding/headshots,2024-11-14,2025-02-23,completed,863.66,Referral,2024-11-02,2024-11-03 02:00:00,210,431.83,True,431.83,431.83,221.82999999999998,12,26.0,2024-11
26,685,626,2,Essential Portrait,Family portraits,2025-08-14,2025-09-19,completed,487.04,Repeat Client,2025-08-12,2025-08-13 05:00:00,110,487.04,True,0.0,487.04,377.04,2,29.0,2025-08
27,416,77,2,Essential Portrait,Newborn,2025-06-18,2025-08-04,completed,480.75,Paid Advertisement,2025-05-26,2025-05-28 00:00:00,110,480.75,True,0.0,480.75,370.75,23,48.0,2025-06
28,1462,938,5,Brand Builder,Branding/headshots,2025-08-30,2025-12-03,completed,909.29,Referral,2025-08-24,2025-08-25 13:00:00,210,318.25,True,591.04,318.25,108.25,6,37.0,2025-08
29,101,1077,4,Milestone,Graduation,2025-01-18,2025-04-03,completed,532.91,Instagram,2024-12-30,2024-12-30 07:00:00,120,532.91,True,0.0,532.91,412.90999999999997,19,7.0,2025-01
30,844,397,1,Mini Moment,Mini sessions,2025-03-14,2025-05-31,completed,205.28,Referral,2025-03-12,2025-03-12 23:00:00,55,205.28,True,0.0,205.28,150.28,2,23.0,2025-03
31,581,271,3,Signature Story,Couples,2024-12-16,2025-03-08,confirmed,610.14,Instagram,2024-12-01,2024-12-01 17:00:00,145,610.14,False,0.0,610.14,465.14,15,17.0,2024-12
32,1639,182,1,Mini Moment,Mini sessions,2024-12-10,2025-02-01,completed,222.56,Referral,2024-11-17,2024-11-19 17:00:00,55,77.9,True,144.66,77.9,22.900000000000006,23,65.0,2024-12
33,1430,808,2,Essential Portrait,Maternity,2024-03-08,2024-03-26,completed,506.55,Repeat Client,2024-02-20,2024-02-22 15:00:00,110,506.55,True,0.0,506.55,396.55,17,63.0,2024-03
34,477,1090,2,Essential Portrait,Newborn,2025-08-09,2025-09-27,completed,502.45,Paid Advertisement,2025-07-25,2025-07-27 17:00:00,110,175.86,True,326.59,175.86,65.86000000000001,15,65.0,2025-08
35,667,441,3,Signature Story,Couples,2024-10-08,2025-01-21,completed,646.82,Wedding Vendor,2024-09-26,2024-09-27 07:00:00,145,646.82,True,0.0,646.82,501.82000000000005,12,31.0,2024-10
36,1507,981,4,Milestone,Graduation,2024-10-08,2024-12-12,completed,558.78,Repeat Client,2024-10-05,2024-10-07 00:00:00,120,0.0,True,558.78,0.0,-120.0,3,48.0,2024-10
37,1544,199,3,Signature Story,Couples,2025-12-17,2026-03-27,completed,591.42,Instagram,2025-12-04,2025-12-06 06:00:00,145,591.42,True,0.0,591.42,446.41999999999996,13,54.0,2025-12
38,258,993,1,Mini Moment,Mini sessions,2024-03-25,2024-05-31,completed,210.73,Instagram,2024-03-24,2024-03-26 15:00:00,55,210.73,True,0.0,210.73,155.73,1,63.0,2024-03
39,1141,35,1,Mini Moment,Mini sessions,2024-10-31,2025-02-20,rescheduled,216.71,Wedding Vendor,2024-10-26,2024-10-26 12:00:00,55,216.71,False,0.0,216.71,161.71,5,12.0,2024-10
40,179,176,2,Essential Portrait,Maternity,2025-05-04,2025-08-12,completed,443.48,Instagram,2025-04-28,2025-04-29 20:00:00,110,443.48,True,0.0,443.48,333.48,6,44.0,2025-05
41,540,771,4,Milestone,Graduation,2025-09-19,2025-12-10,completed,476.55,Wedding Vendor,2025-09-09,2025-09-11 06:00:00,120,476.55,True,0.0,476.55,356.55,10,54.0,2025-09
42,832,886,3,Signature Story,Couples,2025-10-25,2026-02-14,completed,652.02,Referral,2025-10-12,2025-10-14 11:00:00,145,652.02,True,0.0,652.02,507.02,13,59.0,2025-10
43,631,866,4,Milestone,Graduation,2025-10-29,2026-02-19,completed,556.81,Wedding Vendor,2025-10-14,2025-10-14 10:00:00,120,556.81,True,0.0,556.81,436.80999999999995,15,10.0,2025-10
44,529,33,2,Essential Portrait,Maternity,2024-05-18,2024-08-22,completed,447.84,Paid Advertisement,2024-04-27,2024-04-28 10:00:00,110,447.84,True,0.0,447.84,337.84,21,34.0,2024-05
45,910,53,6,Wedding Collection,Weddings,2024-02-08,2024-06-04,completed,3267.09,Facebook,2024-02-01,2024-02-02 12:00:00,1150,3267.09,True,0.0,3267.09,2117.09,7,36.0,2024-02
46,815,86,2,Essential Portrait,Maternity,2024-12-13,2025-03-23,completed,476.87,Local Event,2024-12-08,2024-12-09 08:00:00,110,476.87,True,0.0,476.87,366.87,5,32.0,2024-12
47,1641,287,4,Milestone,Graduation,2025-12-25,2026-02-13,completed,494.55,Instagram,2025-12-20,2025-12-21 13:00:00,120,494.55,True,0.0,494.55,374.55,5,37.0,2025-12
48,1460,978,6,Wedding Collection,Weddings,2025-05-29,2025-07-04,completed,3336.36,Local Event,2025-05-20,2025-05-21 21:00:00,1150,1167.73,True,2168.63,1167.73,17.730000000000018,9,45.0,2025-05
49,1719,539,4,Milestone,Graduation,2025-12-27,2026-03-20,completed,560.13,Instagram,2025-12-21,2025-12-23 11:00:00,120,560.13,True,0.0,560.13,440.13,6,59.0,2025-12
50,386,305,6,Wedding Collection,Weddings,2024-09-24,2024-11-08,completed,3182.47,Repeat Client,2024-09-02,2024-09-02 22:00:00,1150,3182.47,True,0.0,3182.47,2032.4699999999998,22,22.0,2024-09
51,919,15,6,Wedding Collection,Weddings,2025-10-27,2026-01-13,completed,3441.18,Facebook,2025-10-18,2025-10-19 13:00:00,1150,3441.18,True,0.0,3441.18,2291.18,9,37.0,2025-10
52,79,630,2,Essential Portrait,Family portraits,2025-10-17,2025-11-03,confirmed,450.49,Instagram,2025-10-09,2025-10-10 14:00:00,110,450.49,False,0.0,450.49,340.49,8,38.0,2025-10
53,26,151,6,Wedding Collection,Weddings,2024-04-26,2024-08-12,completed,3158.11,Referral,2024-04-13,2024-04-14 05:00:00,1150,1579.05,True,1579.0600000000002,1579.05,429.04999999999995,13,29.0,2024-04
54,799,1193,2,Essential Portrait,Maternity,2025-08-24,2025-12-15,completed,484.46,Repeat Client,2025-08-03,2025-08-05 21:00:00,110,484.46,True,0.0,484.46,374.46,21,69.0,2025-08
55,243,966,6,Wedding Collection,Weddings,2025-07-22,2025-11-13,completed,3026.49,Instagram,2025-07-19,2025-07-20 06:00:00,1150,1513.25,True,1513.2399999999998,1513.25,363.25,3,30.0,2025-07
56,933,572,2,Essential Portrait,Maternity,2024-11-04,2025-02-14,confirmed,448.46,Facebook,2024-10-12,2024-10-14 16:00:00,110,448.46,False,0.0,448.46,338.46,23,64.0,2024-11
57,1433,409,4,Milestone,Graduation,2025-04-18,2025-07-09,completed,517.11,Google Search,2025-04-05,2025-04-05 19:00:00,120,517.11,True,0.0,517.11,397.11,13,19.0,2025-04
58,1581,485,2,Essential Portrait,Newborn,2025-11-28,2025-12-15,completed,512.11,Paid Advertisement,2025-11-09,2025-11-11 01:00:00,110,512.11,True,0.0,512.11,402.11,19,49.0,2025-11
59,9,812,5,Brand Builder,Branding/headshots,2024-09-25,2024-10-12,cancelled,892.36,Google Search,2024-09-15,2024-09-17 17:00:00,210,0.0,False,892.36,0.0,-210.0,10,65.0,2024-09
60,350,1191,1,Mini Moment,Mini sessions,2025-01-19,2025-03-14,cancelled,206.14,Facebook,2024-12-27,2024-12-27 22:00:00,55,206.14,False,0.0,206.14,151.14,23,22.0,2025-01
61,1549,95,2,Essential Portrait,Family portraits,2025-07-23,2025-09-26,completed,472.56,Facebook,2025-07-12,2025-07-14 09:00:00,110,472.56,True,0.0,472.56,362.56,11,57.0,2025-07
62,909,178,1,Mini Moment,Mini sessions,2024-04-09,2024-06-05,completed,241.83,Facebook,2024-04-03,2024-04-04 13:00:00,55,120.91,True,120.92000000000002,120.91,65.91,6,37.0,2024-04
63,988,642,6,Wedding Collection,Weddings,2024-12-04,2025-03-23,cancelled,3290.38,Instagram,2024-11-27,2024-11-29 02:00:00,1150,1151.63,False,2138.75,1151.63,1.6300000000001091,7,50.0,2024-12
64,754,767,2,Essential Portrait,Family portraits,2024-07-01,2024-09-21,completed,455.54,Instagram,2024-06-09,2024-06-10 16:00:00,110,455.54,True,0.0,455.54,345.54,22,40.0,2024-07
65,155,357,1,Mini Moment,Mini sessions,2025-10-21,2026-02-12,completed,228.56,Google Search,2025-10-10,2025-10-10 07:00:00,55,228.56,True,0.0,228.56,173.56,11,7.0,2025-10
66,244,493,5,Brand Builder,Branding/headshots,2024-07-21,2024-09-07,completed,893.64,Facebook,2024-06-27,2024-06-29 17:00:00,210,893.64,True,0.0,893.64,683.64,24,65.0,2024-07
67,1467,632,4,Milestone,Graduation,2025-06-02,2025-08-07,completed,492.99,Instagram,2025-05-22,2025-05-23 21:00:00,120,246.49,True,246.5,246.49,126.49000000000001,11,45.0,2025-06
68,693,482,2,Essential Portrait,Family portraits,2024-07-22,2024-09-15,rescheduled,450.75,Instagram,2024-07-02,2024-07-03 12:00:00,110,450.75,False,0.0,450.75,340.75,20,36.0,2024-07
69,221,435,2,Essential Portrait,Family portraits,2024-03-24,2024-06-24,completed,435.26,Instagram,2024-03-10,2024-03-10 18:00:00,110,435.26,True,0.0,435.26,325.26,14,18.0,2024-03
70,653,619,4,Milestone,Graduation,2024-12-26,2025-02-20,rescheduled,478.96,Instagram,2024-12-20,2024-12-20 17:00:00,120,478.96,False,0.0,478.96,358.96,6,17.0,2024-12
71,1403,1049,4,Milestone,Graduation,2024-07-28,2024-11-23,completed,491.87,Repeat Client,2024-07-11,2024-07-12 18:00:00,120,491.87,True,0.0,491.87,371.87,17,42.0,2024-07
72,228,550,2,Essential Portrait,Maternity,2024-10-09,2024-10-16,completed,444.55,Referral,2024-09-28,2024-09-28 18:00:00,110,0.0,True,444.55,0.0,-110.0,11,18.0,2024-10
73,403,1064,5,Brand Builder,Branding/headshots,2024-11-18,2024-12-20,completed,900.76,Instagram,2024-11-17,2024-11-18 03:00:00,210,900.76,True,0.0,900.76,690.76,1,27.0,2024-11
74,396,1139,2,Essential Portrait,Family portraits,2025-11-06,2025-12-16,completed,503.42,Facebook,2025-11-02,2025-11-02 01:00:00,110,503.42,True,0.0,503.42,393.42,4,1.0,2025-11
75,835,1162,5,Brand Builder,Branding/headshots,2024-06-07,2024-08-02,completed,894.73,Instagram,2024-05-23,2024-05-24 03:00:00,210,894.73,True,0.0,894.73,684.73,15,27.0,2024-06
76,730,30,5,Brand Builder,Branding/headshots,2025-04-27,2025-07-21,completed,845.37,Referral,2025-04-23,2025-04-24 05:00:00,210,845.37,True,0.0,845.37,635.37,4,29.0,2025-04
77,612,28,6,Wedding Collection,Weddings,2025-03-20,2025-06-06,completed,3048.17,Facebook,2025-02-28,2025-03-02 05:00:00,1150,3048.17,True,0.0,3048.17,1898.17,20,53.0,2025-03
78,274,724,5,Brand Builder,Branding/headshots,2025-07-23,2025-09-03,completed,827.05,Instagram,2025-07-09,2025-07-10 06:00:00,210,827.05,True,0.0,827.05,617.05,14,30.0,2025-07
79,1727,207,4,Milestone,Graduation,2024-12-08,2025-04-07,completed,540.04,Instagram,2024-11-26,2024-11-28 07:00:00,120,540.04,True,0.0,540.04,420.03999999999996,12,55.0,2024-12
80,1398,131,6,Wedding Collection,Weddings,2024-06-20,2024-07-21,completed,3069.12,Facebook,2024-05-27,2024-05-29 21:00:00,1150,3069.12,True,0.0,3069.12,1919.12,24,69.0,2024-06
81,1129,1079,2,Essential Portrait,Family portraits,2024-04-19,2024-07-31,confirmed,511.33,Google Search,2024-04-03,2024-04-05 02:00:00,110,511.33,False,0.0,511.33,401.33,16,50.0,2024-04
82,648,57,6,Wedding Collection,Weddings,2024-05-18,2024-09-01,completed,3374.84,Referral,2024-05-03,2024-05-04 05:00:00,1150,1181.2,True,2193.6400000000003,1181.2,31.200000000000045,15,29.0,2024-05
83,157,481,5,Brand Builder,Branding/headshots,2024-12-08,2025-01-14,completed,912.14,Local Event,2024-11-30,2024-11-30 13:00:00,210,912.14,True,0.0,912.14,702.14,8,13.0,2024-12
84,985,790,1,Mini Moment,Mini sessions,2025-09-11,2025-10-02,confirmed,242.18,Paid Advertisement,2025-09-01,2025-09-03 23:00:00,55,242.18,False,0.0,242.18,187.18,10,71.0,2025-09
85,957,342,1,Mini Moment,Mini sessions,2025-08-04,2025-09-21,completed,212.95,Google Search,2025-07-24,2025-07-24 08:00:00,55,212.95,True,0.0,212.95,157.95,11,8.0,2025-08
86,408,65,2,Essential Portrait,Family portraits,2025-10-24,2025-11-15,completed,485.84,Instagram,2025-10-22,2025-10-24 12:00:00,110,170.05,True,315.78999999999996,170.05,60.05000000000001,2,60.0,2025-10
87,46,761,2,Essential Portrait,Family portraits,2024-12-06,2025-01-05,rescheduled,440.85,Facebook,2024-11-21,2024-11-21 13:00:00,110,440.85,False,0.0,440.85,330.85,15,13.0,2024-12
88,788,730,2,Essential Portrait,Family portraits,2025-11-21,2026-03-17,completed,481.1,Referral,2025-11-15,2025-11-16 17:00:00,110,240.55,True,240.55,240.55,130.55,6,41.0,2025-11
89,4,322,2,Essential Portrait,Family portraits,2025-10-18,2025-11-27,rescheduled,478.98,Google Search,2025-10-09,2025-10-10 17:00:00,110,478.98,False,0.0,478.98,368.98,9,41.0,2025-10
90,1167,93,6,Wedding Collection,Weddings,2025-10-12,2025-11-30,rescheduled,3220.69,Paid Advertisement,2025-09-29,2025-09-29 03:00:00,1150,1610.34,False,1610.3500000000001,1610.34,460.3399999999999,13,3.0,2025-10
91,1309,1143,2,Essential Portrait,Maternity,2025-05-21,2025-09-01,completed,452.34,Wedding Vendor,2025-05-19,2025-05-21 02:00:00,110,452.34,True,0.0,452.34,342.34,2,50.0,2025-05
92,1589,1138,1,Mini Moment,Mini sessions,2024-06-10,2024-08-22,completed,219.21,Local Event,2024-05-18,2024-05-18 14:00:00,55,76.72,True,142.49,76.72,21.72,23,14.0,2024-06
93,1105,923,2,Essential Portrait,Family portraits,2024-02-12,2024-04-08,rescheduled,464.47,Wedding Vendor,2024-01-21,2024-01-23 08:00:00,110,162.56,False,301.91,162.56,52.56,22,56.0,2024-02
94,1437,407,1,Mini Moment,Mini sessions,2024-11-11,2024-12-16,completed,224.18,Local Event,2024-11-10,2024-11-12 07:00:00,55,224.18,True,0.0,224.18,169.18,1,55.0,2024-11
95,867,500,2,Essential Portrait,Family portraits,2024-04-14,2024-05-20,confirmed,463.03,Local Event,2024-04-02,2024-04-02 04:00:00,110,463.03,False,0.0,463.03,353.03,12,4.0,2024-04
96,965,30,5,Brand Builder,Branding/headshots,2024-09-29,2024-12-02,completed,770.08,Instagram,2024-09-13,2024-09-15 04:00:00,210,770.08,True,0.0,770.08,560.08,16,52.0,2024-09
97,182,29,3,Signature Story,Couples,2025-11-27,2025-12-04,completed,674.65,Instagram,2025-11-21,2025-11-21 06:00:00,145,674.65,True,0.0,674.65,529.65,6,6.0,2025-11
98,471,1084,2,Essential Portrait,Family portraits,2025-08-20,2025-12-13,completed,495.62,Google Search,2025-08-03,2025-08-03 04:00:00,110,495.62,True,0.0,495.62,385.62,17,4.0,2025-08
99,1659,675,1,Mini Moment,Mini sessions,2024-12-12,2025-03-31,completed,214.2,Wedding Vendor,2024-11-18,2024-11-20 19:00:00,55,107.1,True,107.1,107.1,52.099999999999994,24,67.0,2024-12
100,1534,512,5,Brand Builder,Branding/headshots,2025-05-28,2025-06-23,completed,796.43,Paid Advertisement,2025-05-10,2025-05-12 01:00:00,210,398.21,True,398.21999999999997,398.21,188.20999999999998,18,49.0,2025-05
101,1397,361,2,Essential Portrait,Maternity,2024-02-20,2024-05-14,completed,488.13,Referral,2024-02-04,2024-02-04 17:00:00,110,488.13,True,0.0,488.13,378.13,16,17.0,2024-02
102,1306,662,1,Mini Moment,Mini sessions,2025-10-22,2026-01-17,completed,206.77,Facebook,2025-10-02,2025-10-03 21:00:00,55,206.77,True,0.0,206.77,151.77,20,45.0,2025-10
103,1094,1025,3,Signature Story,Couples,2024-12-14,2025-01-31,cancelled,613.26,Instagram,2024-12-02,2024-12-04 10:00:00,145,613.26,False,0.0,613.26,468.26,12,58.0,2024-12
104,1490,430,2,Essential Portrait,Newborn,2025-06-19,2025-07-26,completed,477.26,Repeat Client,2025-05-26,2025-05-27 06:00:00,110,477.26,True,0.0,477.26,367.26,24,30.0,2025-06
105,1645,10,6,Wedding Collection,Weddings,2025-10-25,2025-11-20,completed,3123.93,Local Event,2025-10-12,2025-10-12 17:00:00,1150,3123.93,True,0.0,3123.93,1973.9299999999998,13,17.0,2025-10
106,1529,779,1,Mini Moment,Mini sessions,2025-10-30,2025-12-07,completed,209.2,Paid Advertisement,2025-10-06,2025-10-06 16:00:00,55,209.2,True,0.0,209.2,154.2,24,16.0,2025-10
107,564,366,2,Essential Portrait,Newborn,2024-09-27,2024-10-27,completed,475.57,Referral,2024-09-24,2024-09-24 18:00:00,110,237.78,True,237.79,237.78,127.78,3,18.0,2024-09
108,1603,437,2,Essential Portrait,Newborn,2025-05-10,2025-07-23,completed,429.84,Google Search,2025-04-22,2025-04-24 03:00:00,110,429.84,True,0.0,429.84,319.84,18,51.0,2025-05
109,196,380,4,Milestone,Graduation,2025-04-29,2025-06-25,completed,521.25,Instagram,2025-04-19,2025-04-21 02:00:00,120,182.44,True,338.81,182.44,62.44,10,50.0,2025-04
110,1254,786,1,Mini Moment,Mini sessions,2025-11-12,2026-01-13,completed,208.29,Repeat Client,2025-11-05,2025-11-06 06:00:00,55,208.29,True,0.0,208.29,153.29,7,30.0,2025-11
111,1753,572,3,Signature Story,Couples,2025-05-24,2025-06-28,completed,620.13,Paid Advertisement,2025-05-09,2025-05-11 13:00:00,145,620.13,True,0.0,620.13,475.13,15,61.0,2025-05
112,1635,315,6,Wedding Collection,Weddings,2024-11-08,2025-01-18,completed,3053.49,Facebook,2024-10-30,2024-10-30 05:00:00,1150,3053.49,True,0.0,3053.49,1903.4899999999998,9,5.0,2024-11
113,1422,1109,2,Essential Portrait,Newborn,2024-07-28,2024-11-15,completed,433.15,Referral,2024-07-19,2024-07-19 23:00:00,110,433.15,True,0.0,433.15,323.15,9,23.0,2024-07
114,1189,1124,4,Milestone,Graduation,2025-04-30,2025-08-23,rescheduled,548.96,Instagram,2025-04-15,2025-04-15 13:00:00,120,548.96,False,0.0,548.96,428.96000000000004,15,13.0,2025-04
115,1540,564,2,Essential Portrait,Family portraits,2025-07-02,2025-07-26,cancelled,501.53,Referral,2025-06-19,2025-06-20 15:00:00,110,0.0,False,501.53,0.0,-110.0,13,39.0,2025-07
116,392,181,2,Essential Portrait,Newborn,2025-10-08,2026-01-06,completed,469.76,Referral,2025-09-28,2025-09-30 05:00:00,110,469.76,True,0.0,469.76,359.76,10,53.0,2025-10
117,375,919,4,Milestone,Graduation,2025-06-21,2025-10-14,completed,490.27,Paid Advertisement,2025-05-28,2025-05-28 13:00:00,120,490.27,True,0.0,490.27,370.27,24,13.0,2025-06
118,204,1146,1,Mini Moment,Mini sessions,2025-12-06,2025-12-25,completed,222.42,Wedding Vendor,2025-11-28,2025-11-30 11:00:00,55,77.85,True,144.57,77.85,22.849999999999994,8,59.0,2025-12
119,600,193,3,Signature Story,Couples,2025-10-08,2025-11-10,completed,606.09,Facebook,2025-09-30,2025-10-01 12:00:00,145,606.09,True,0.0,606.09,461.09000000000003,8,36.0,2025-10
120,926,761,2,Essential Portrait,Maternity,2025-11-30,2026-03-02,completed,450.41,Repeat Client,2025-11-11,2025-11-12 06:00:00,110,450.41,True,0.0,450.41,340.41,19,30.0,2025-11
121,920,493,5,Brand Builder,Branding/headshots,2025-12-22,2026-03-06,rescheduled,899.68,Wedding Vendor,2025-12-19,2025-12-20 00:00:00,210,899.68,False,0.0,899.68,689.68,3,24.0,2025-12
122,1566,346,1,Mini Moment,Mini sessions,2025-05-16,2025-06-13,completed,203.77,Instagram,2025-04-30,2025-05-01 14:00:00,55,71.32,True,132.45000000000002,71.32,16.319999999999993,16,38.0,2025-05
123,521,1096,1,Mini Moment,Mini sessions,2024-02-19,2024-05-23,completed,227.62,Instagram,2024-02-01,2024-02-02 20:00:00,55,79.67,True,147.95,79.67,24.67,18,44.0,2024-02
124,511,225,2,Essential Portrait,Family portraits,2024-12-18,2025-04-14,completed,447.55,Referral,2024-12-17,2024-12-17 12:00:00,110,447.55,True,0.0,447.55,337.55,1,12.0,2024-12
125,3,767,2,Essential Portrait,Newborn,2025-09-01,2025-10-17,completed,455.97,Google Search,2025-08-17,2025-08-18 02:00:00,110,0.0,True,455.97,0.0,-110.0,15,26.0,2025-09
126,534,30,2,Essential Portrait,Family portraits,2024-07-17,2024-10-05,completed,481.38,Instagram,2024-06-24,2024-06-25 17:00:00,110,481.38,True,0.0,481.38,371.38,23,41.0,2024-07
127,119,310,5,Brand Builder,Branding/headshots,2024-10-07,2024-11-13,completed,889.26,Referral,2024-09-27,2024-09-27 06:00:00,210,444.63,True,444.63,444.63,234.63,10,6.0,2024-10
128,735,654,5,Brand Builder,Branding/headshots,2025-06-29,2025-09-23,completed,795.15,Wedding Vendor,2025-06-15,2025-06-15 07:00:00,210,397.57,True,397.58,397.57,187.57,14,7.0,2025-06
129,486,688,2,Essential Portrait,Maternity,2024-12-22,2025-02-04,completed,486.2,Referral,2024-12-14,2024-12-16 21:00:00,110,486.2,True,0.0,486.2,376.2,8,69.0,2024-12
130,16,242,2,Essential Portrait,Family portraits,2025-02-15,2025-06-15,rescheduled,449.57,Google Search,2025-01-31,2025-02-01 19:00:00,110,0.0,False,449.57,0.0,-110.0,15,43.0,2025-02
131,1648,582,2,Essential Portrait,Family portraits,2024-08-24,2024-11-29,completed,431.8,Google Search,2024-08-02,2024-08-02 06:00:00,110,151.13,True,280.67,151.13,41.129999999999995,22,6.0,2024-08
132,637,351,3,Signature Story,Couples,2024-06-26,2024-07-28,completed,661.97,Paid Advertisement,2024-06-19,2024-06-20 06:00:00,145,661.97,True,0.0,661.97,516.97,7,30.0,2024-06
133,941,244,4,Milestone,Graduation,2024-09-21,2024-10-09,completed,529.77,Local Event,2024-09-19,2024-09-19 20:00:00,120,529.77,True,0.0,529.77,409.77,2,20.0,2024-09
134,877,862,1,Mini Moment,Mini sessions,2026-01-08,2026-04-27,confirmed,235.24,Instagram,2025-12-16,2025-12-18 14:00:00,55,235.24,False,0.0,235.24,180.24,23,62.0,2026-01
135,972,477,2,Essential Portrait,Family portraits,2025-06-17,2025-08-25,completed,451.22,Repeat Client,2025-06-10,2025-06-10 02:00:00,110,0.0,True,451.22,0.0,-110.0,7,2.0,2025-06
136,536,648,6,Wedding Collection,Weddings,2025-05-04,2025-08-03,completed,3331.04,Paid Advertisement,2025-04-29,2025-04-29 14:00:00,1150,3331.04,True,0.0,3331.04,2181.04,5,14.0,2025-05
137,291,395,3,Signature Story,Couples,2025-06-26,2025-07-06,completed,650.89,Instagram,2025-06-15,2025-06-15 10:00:00,145,650.89,True,0.0,650.89,505.89,11,10.0,2025-06
138,1466,958,2,Essential Portrait,Family portraits,2025-11-08,2025-11-19,completed,464.89,Paid Advertisement,2025-10-30,2025-10-30 04:00:00,110,464.89,True,0.0,464.89,354.89,9,4.0,2025-11
139,848,68,2,Essential Portrait,Family portraits,2024-12-31,2025-04-14,completed,477.55,Repeat Client,2024-12-28,2024-12-28 08:00:00,110,477.55,True,0.0,477.55,367.55,3,8.0,2024-12
140,1598,629,1,Mini Moment,Mini sessions,2026-01-16,2026-02-12,completed,242.33,Local Event,2025-12-29,2025-12-31 06:00:00,55,121.16,True,121.17000000000002,121.16,66.16,18,54.0,2026-01
141,943,316,5,Brand Builder,Branding/headshots,2024-07-12,2024-07-24,completed,909.37,Local Event,2024-07-03,2024-07-04 17:00:00,210,909.37,True,0.0,909.37,699.37,9,41.0,2024-07
142,826,986,2,Essential Portrait,Newborn,2024-10-23,2024-12-12,completed,501.61,Repeat Client,2024-10-01,2024-10-02 03:00:00,110,501.61,True,0.0,501.61,391.61,22,27.0,2024-10
143,1664,13,5,Brand Builder,Branding/headshots,2025-10-28,2026-01-14,completed,796.67,Wedding Vendor,2025-10-18,2025-10-19 10:00:00,210,796.67,True,0.0,796.67,586.67,10,34.0,2025-10
144,1482,1114,3,Signature Story,Couples,2025-01-20,2025-03-14,completed,631.73,Facebook,2024-12-28,2024-12-28 11:00:00,145,631.73,True,0.0,631.73,486.73,23,11.0,2025-01
145,869,240,1,Mini Moment,Mini sessions,2024-10-20,2025-01-04,completed,204.54,Facebook,2024-10-12,2024-10-13 13:00:00,55,71.59,True,132.95,71.59,16.590000000000003,8,37.0,2024-10
146,762,392,5,Brand Builder,Branding/headshots,2024-03-12,2024-04-03,completed,819.38,Google Search,2024-03-07,2024-03-07 12:00:00,210,819.38,True,0.0,819.38,609.38,5,12.0,2024-03
147,1756,824,5,Brand Builder,Branding/headshots,2025-06-01,2025-08-04,completed,879.41,Google Search,2025-05-13,2025-05-15 06:00:00,210,879.41,True,0.0,879.41,669.41,19,54.0,2025-06
148,1233,5,2,Essential Portrait,Family portraits,2024-08-17,2024-11-24,completed,486.96,Repeat Client,2024-08-11,2024-08-13 11:00:00,110,486.96,True,0.0,486.96,376.96,6,59.0,2024-08
149,871,1020,4,Milestone,Graduation,2024-11-07,2024-12-04,completed,549.68,Instagram,2024-10-18,2024-10-20 05:00:00,120,192.39,True,357.28999999999996,192.39,72.38999999999999,20,53.0,2024-11
150,1609,775,1,Mini Moment,Mini sessions,2024-08-30,2024-09-12,completed,226.64,Instagram,2024-08-26,2024-08-28 07:00:00,55,0.0,True,226.64,0.0,-55.0,4,55.0,2024-08
151,1415,1198,5,Brand Builder,Branding/headshots,2024-05-14,2024-06-23,completed,776.89,Referral,2024-04-25,2024-04-27 20:00:00,210,776.89,True,0.0,776.89,566.89,19,68.0,2024-05
152,1334,325,6,Wedding Collection,Weddings,2024-10-16,2025-02-05,completed,3059.64,Instagram,2024-10-08,2024-10-10 14:00:00,1150,3059.64,True,0.0,3059.64,1909.6399999999999,8,62.0,2024-10
153,1716,727,5,Brand Builder,Branding/headshots,2025-05-26,2025-07-17,completed,895.78,Referral,2025-05-24,2025-05-24 22:00:00,210,447.89,True,447.89,447.89,237.89,2,22.0,2025-05
154,955,1038,2,Essential Portrait,Maternity,2024-12-03,2025-02-14,completed,436.32,Google Search,2024-11-20,2024-11-22 10:00:00,110,436.32,True,0.0,436.32,326.32,13,58.0,2024-12
155,1159,700,4,Milestone,Graduation,2025-11-10,2026-02-13,completed,500.2,Google Search,2025-11-06,2025-11-08 21:00:00,120,175.07,True,325.13,175.07,55.06999999999999,4,69.0,2025-11
156,1508,831,2,Essential Portrait,Maternity,2024-09-20,2024-10-22,cancelled,492.72,Referral,2024-09-16,2024-09-17 12:00:00,110,492.72,False,0.0,492.72,382.72,4,36.0,2024-09
157,1378,228,1,Mini Moment,Mini sessions,2024-06-27,2024-07-29,completed,232.6,Google Search,2024-06-11,2024-06-12 13:00:00,55,232.6,True,0.0,232.6,177.6,16,37.0,2024-06
158,473,742,5,Brand Builder,Branding/headshots,2025-01-26,2025-02-18,rescheduled,869.86,Paid Advertisement,2025-01-20,2025-01-21 17:00:00,210,869.86,False,0.0,869.86,659.86,6,41.0,2025-01
159,1751,535,2,Essential Portrait,Family portraits,2025-06-08,2025-09-25,completed,506.6,Instagram,2025-05-24,2025-05-24 18:00:00,110,506.6,True,0.0,506.6,396.6,15,18.0,2025-06
160,1270,1030,4,Milestone,Graduation,2025-10-03,2026-01-19,completed,553.57,Wedding Vendor,2025-09-23,2025-09-23 06:00:00,120,553.57,True,0.0,553.57,433.57000000000005,10,6.0,2025-10
161,641,676,3,Signature Story,Couples,2025-01-11,2025-05-01,completed,693.08,Instagram,2024-12-29,2024-12-31 19:00:00,145,693.08,True,0.0,693.08,548.08,13,67.0,2025-01
162,900,744,1,Mini Moment,Mini sessions,2024-11-24,2025-03-17,completed,205.93,Instagram,2024-11-19,2024-11-20 05:00:00,55,205.93,True,0.0,205.93,150.93,5,29.0,2024-11
163,235,554,6,Wedding Collection,Weddings,2024-05-28,2024-08-14,completed,3051.65,Local Event,2024-05-11,2024-05-11 07:00:00,1150,3051.65,True,0.0,3051.65,1901.65,17,7.0,2024-05
164,95,795,6,Wedding Collection,Weddings,2025-02-24,2025-04-07,confirmed,3256.93,Google Search,2025-02-07,2025-02-09 13:00:00,1150,3256.93,False,0.0,3256.93,2106.93,17,61.0,2025-02
165,1625,978,4,Milestone,Graduation,2024-05-26,2024-07-22,completed,498.97,Referral,2024-05-05,2024-05-05 17:00:00,120,498.97,True,0.0,498.97,378.97,21,17.0,2024-05
166,548,539,1,Mini Moment,Mini sessions,2025-10-23,2025-12-06,completed,233.56,Referral,2025-10-01,2025-10-01 01:00:00,55,81.75,True,151.81,81.75,26.75,22,1.0,2025-10
167,746,773,6,Wedding Collection,Weddings,2025-08-13,2025-10-11,completed,2988.92,Instagram,2025-08-03,2025-08-03 13:00:00,1150,0.0,True,2988.92,0.0,-1150.0,10,13.0,2025-08
168,1031,679,6,Wedding Collection,Weddings,2024-04-02,2024-06-13,cancelled,3387.62,Referral,2024-03-19,2024-03-21 15:00:00,1150,3387.62,False,0.0,3387.62,2237.62,14,63.0,2024-04
169,122,936,1,Mini Moment,Mini sessions,2024-09-02,2024-10-12,completed,241.28,Repeat Client,2024-08-30,2024-08-30 21:00:00,55,241.28,True,0.0,241.28,186.28,3,21.0,2024-09
170,245,1131,2,Essential Portrait,Family portraits,2025-06-18,2025-08-19,completed,435.44,Wedding Vendor,2025-06-05,2025-06-07 19:00:00,110,435.44,True,0.0,435.44,325.44,13,67.0,2025-06
171,493,994,5,Brand Builder,Branding/headshots,2025-09-08,2025-11-11,completed,857.17,Google Search,2025-08-24,2025-08-25 00:00:00,210,0.0,True,857.17,0.0,-210.0,15,24.0,2025-09
172,17,545,2,Essential Portrait,Family portraits,2025-12-29,2026-04-19,completed,488.03,Wedding Vendor,2025-12-15,2025-12-16 00:00:00,110,488.03,True,0.0,488.03,378.03,14,24.0,2025-12
173,698,1,2,Essential Portrait,Maternity,2025-01-25,2025-04-01,completed,432.91,Instagram,2025-01-12,2025-01-13 12:00:00,110,432.91,True,0.0,432.91,322.91,13,36.0,2025-01
174,335,650,5,Brand Builder,Branding/headshots,2025-05-17,2025-09-01,completed,915.92,Instagram,2025-04-28,2025-04-29 19:00:00,210,320.57,True,595.3499999999999,320.57,110.57,19,43.0,2025-05
175,1712,435,2,Essential Portrait,Family portraits,2024-10-31,2024-11-13,rescheduled,460.94,Instagram,2024-10-14,2024-10-16 06:00:00,110,460.94,False,0.0,460.94,350.94,17,54.0,2024-10
176,817,318,1,Mini Moment,Mini sessions,2025-08-07,2025-11-01,completed,236.31,Google Search,2025-08-03,2025-08-04 18:00:00,55,118.16,True,118.15,118.16,63.16,4,42.0,2025-08
177,717,585,3,Signature Story,Couples,2025-12-13,2026-02-17,completed,617.75,Google Search,2025-12-04,2025-12-04 01:00:00,145,617.75,True,0.0,617.75,472.75,9,1.0,2025-12
178,627,232,5,Brand Builder,Branding/headshots,2024-02-11,2024-03-29,cancelled,860.47,Google Search,2024-01-26,2024-01-26 20:00:00,210,430.23,False,430.24,430.23,220.23000000000002,16,20.0,2024-02
179,1112,955,6,Wedding Collection,Weddings,2024-03-31,2024-07-06,confirmed,3252.28,Facebook,2024-03-24,2024-03-25 00:00:00,1150,1626.14,False,1626.14,1626.14,476.1400000000001,7,24.0,2024-03
180,1699,704,2,Essential Portrait,Family portraits,2025-12-28,2026-02-12,completed,480.31,Referral,2025-12-21,2025-12-23 09:00:00,110,240.15,True,240.16,240.15,130.15,7,57.0,2025-12
181,1107,878,5,Brand Builder,Branding/headshots,2025-09-27,2025-11-15,completed,894.22,Instagram,2025-09-10,2025-09-11 19:00:00,210,312.98,True,581.24,312.98,102.98000000000002,17,43.0,2025-09
182,288,439,5,Brand Builder,Branding/headshots,2025-04-25,2025-08-09,completed,890.96,Google Search,2025-04-01,2025-04-03 21:00:00,210,890.96,True,0.0,890.96,680.96,24,69.0,2025-04
183,438,988,2,Essential Portrait,Family portraits,2024-12-30,2025-02-09,completed,453.36,Instagram,2024-12-25,2024-12-26 11:00:00,110,453.36,True,0.0,453.36,343.36,5,35.0,2024-12
184,38,1157,2,Essential Portrait,Newborn,2024-08-03,2024-11-17,rescheduled,438.82,Wedding Vendor,2024-07-23,2024-07-25 09:00:00,110,219.41,False,219.41,219.41,109.41,11,57.0,2024-08
185,1042,428,2,Essential Portrait,Maternity,2024-04-17,2024-06-19,completed,502.14,Facebook,2024-04-08,2024-04-09 17:00:00,110,502.14,True,0.0,502.14,392.14,9,41.0,2024-04
186,1021,518,2,Essential Portrait,Newborn,2025-06-13,2025-09-22,completed,463.44,Facebook,2025-06-04,2025-06-04 05:00:00,110,0.0,True,463.44,0.0,-110.0,9,5.0,2025-06
187,1026,749,1,Mini Moment,Mini sessions,2024-01-22,2024-05-01,completed,238.65,Repeat Client,2024-01-10,2024-01-11 07:00:00,55,238.65,True,0.0,238.65,183.65,12,31.0,2024-01
188,1258,188,2,Essential Portrait,Family portraits,2025-04-22,2025-08-19,completed,455.69,Google Search,2025-04-04,2025-04-06 05:00:00,110,455.69,True,0.0,455.69,345.69,18,53.0,2025-04
189,1484,143,6,Wedding Collection,Weddings,2025-05-12,2025-07-12,rescheduled,3238.2,Google Search,2025-05-02,2025-05-03 12:00:00,1150,3238.2,False,0.0,3238.2,2088.2,10,36.0,2025-05
190,1096,582,6,Wedding Collection,Weddings,2025-08-09,2025-11-25,completed,2907.77,Referral,2025-07-30,2025-08-01 04:00:00,1150,1017.72,True,1890.05,1017.72,-132.27999999999997,10,52.0,2025-08
191,1051,991,6,Wedding Collection,Weddings,2025-05-15,2025-08-29,rescheduled,3031.07,Instagram,2025-04-23,2025-04-25 07:00:00,1150,1060.88,False,1970.19,1060.88,-89.11999999999989,22,55.0,2025-05
192,100,1163,6,Wedding Collection,Weddings,2025-04-27,2025-08-09,confirmed,2959.96,Google Search,2025-04-20,2025-04-20 04:00:00,1150,2959.96,False,0.0,2959.96,1809.96,7,4.0,2025-04
193,481,119,2,Essential Portrait,Family portraits,2024-03-13,2024-06-06,cancelled,499.48,Google Search,2024-02-25,2024-02-27 21:00:00,110,499.48,False,0.0,499.48,389.48,17,69.0,2024-03
194,237,1179,1,Mini Moment,Mini sessions,2025-10-24,2026-01-02,completed,226.31,Repeat Client,2025-10-05,2025-10-06 11:00:00,55,0.0,True,226.31,0.0,-55.0,19,35.0,2025-10
195,110,1126,6,Wedding Collection,Weddings,2025-06-28,2025-08-29,completed,3265.54,Google Search,2025-06-05,2025-06-07 04:00:00,1150,3265.54,True,0.0,3265.54,2115.54,23,52.0,2025-06
196,1278,403,1,Mini Moment,Mini sessions,2024-04-20,2024-06-19,cancelled,238.01,Instagram,2024-04-11,2024-04-12 23:00:00,55,238.01,False,0.0,238.01,183.01,9,47.0,2024-04
197,1689,615,5,Brand Builder,Branding/headshots,2026-01-04,2026-05-02,completed,814.97,Google Search,2025-12-15,2025-12-15 20:00:00,210,814.97,True,0.0,814.97,604.97,20,20.0,2026-01
198,1214,900,1,Mini Moment,Mini sessions,2024-09-06,2024-11-03,completed,222.17,Instagram,2024-08-22,2024-08-24 07:00:00,55,222.17,True,0.0,222.17,167.17,15,55.0,2024-09
199,1283,1054,1,Mini Moment,Mini sessions,2025-10-23,2025-11-29,completed,240.07,Facebook,2025-10-19,2025-10-20 04:00:00,55,240.07,True,0.0,240.07,185.07,4,28.0,2025-10
200,842,372,1,Mini Moment,Mini sessions,2025-04-24,2025-06-27,completed,214.01,Referral,2025-04-04,2025-04-05 12:00:00,55,214.01,True,0.0,214.01,159.01,20,36.0,2025-04
201,675,377,4,Milestone,Graduation,2025-05-17,2025-06-25,rescheduled,495.1,Instagram,2025-04-27,2025-04-27 21:00:00,120,495.1,False,0.0,495.1,375.1,20,21.0,2025-05
202,739,1178,2,Essential Portrait,Newborn,2025-04-16,2025-05-31,completed,450.88,Google Search,2025-04-11,2025-04-11 03:00:00,110,450.88,True,0.0,450.88,340.88,5,3.0,2025-04
203,1747,816,1,Mini Moment,Mini sessions,2025-03-23,2025-04-06,cancelled,239.7,Paid Advertisement,2025-03-17,2025-03-17 15:00:00,55,239.7,False,0.0,239.7,184.7,6,15.0,2025-03
204,1483,1170,6,Wedding Collection,Weddings,2025-10-04,2025-10-18,cancelled,2989.01,Instagram,2025-09-23,2025-09-23 02:00:00,1150,1046.15,False,1942.8600000000001,1046.15,-103.84999999999991,11,2.0,2025-10
205,1113,105,4,Milestone,Graduation,2024-04-29,2024-06-05,completed,511.75,Instagram,2024-04-07,2024-04-07 17:00:00,120,179.11,True,332.64,179.11,59.110000000000014,22,17.0,2024-04
206,1016,639,2,Essential Portrait,Maternity,2025-04-15,2025-04-26,cancelled,428.03,Google Search,2025-04-14,2025-04-16 00:00:00,110,428.03,False,0.0,428.03,318.03,1,48.0,2025-04
207,1173,872,6,Wedding Collection,Weddings,2024-12-22,2025-04-11,completed,3279.66,Facebook,2024-12-20,2024-12-22 06:00:00,1150,3279.66,True,0.0,3279.66,2129.66,2,54.0,2024-12
208,643,705,4,Milestone,Graduation,2024-12-17,2025-03-26,cancelled,523.78,Referral,2024-12-11,2024-12-12 21:00:00,120,523.78,False,0.0,523.78,403.78,6,45.0,2024-12
209,990,315,4,Milestone,Graduation,2025-05-08,2025-08-28,confirmed,487.96,Repeat Client,2025-04-17,2025-04-18 15:00:00,120,243.98,False,243.98,243.98,123.97999999999999,21,39.0,2025-05
210,332,429,4,Milestone,Graduation,2025-03-26,2025-06-08,completed,555.82,Referral,2025-03-13,2025-03-14 08:00:00,120,555.82,True,0.0,555.82,435.82000000000005,13,32.0,2025-03
211,1272,103,4,Milestone,Graduation,2024-04-30,2024-05-29,completed,555.79,Referral,2024-04-10,2024-04-10 03:00:00,120,277.89,True,277.9,277.89,157.89,20,3.0,2024-04
212,1311,1118,2,Essential Portrait,Family portraits,2025-12-10,2026-03-01,cancelled,469.51,Google Search,2025-11-26,2025-11-26 15:00:00,110,469.51,False,0.0,469.51,359.51,14,15.0,2025-12
213,809,232,6,Wedding Collection,Weddings,2025-06-20,2025-09-20,completed,3039.2,Instagram,2025-06-14,2025-06-14 03:00:00,1150,3039.2,True,0.0,3039.2,1889.1999999999998,6,3.0,2025-06
214,1288,364,2,Essential Portrait,Maternity,2024-07-12,2024-09-28,completed,502.59,Wedding Vendor,2024-06-20,2024-06-23 00:00:00,110,502.59,True,0.0,502.59,392.59,22,72.0,2024-07
215,1713,71,6,Wedding Collection,Weddings,2024-06-29,2024-10-05,completed,3311.81,Google Search,2024-06-20,2024-06-21 14:00:00,1150,3311.81,True,0.0,3311.81,2161.81,9,38.0,2024-06
216,847,404,2,Essential Portrait,Family portraits,2025-01-01,2025-02-26,completed,490.36,Referral,2024-12-11,2024-12-11 19:00:00,110,490.36,True,0.0,490.36,380.36,21,19.0,2025-01
217,1234,403,3,Signature Story,Couples,2025-06-16,2025-09-10,completed,662.79,Local Event,2025-06-15,2025-06-16 11:00:00,145,662.79,True,0.0,662.79,517.79,1,35.0,2025-06
218,1402,139,2,Essential Portrait,Newborn,2024-08-18,2024-10-26,completed,483.8,Facebook,2024-08-17,2024-08-19 11:00:00,110,483.8,True,0.0,483.8,373.8,1,59.0,2024-08
219,328,465,2,Essential Portrait,Maternity,2025-05-21,2025-09-01,cancelled,447.62,Google Search,2025-04-28,2025-04-30 11:00:00,110,447.62,False,0.0,447.62,337.62,23,59.0,2025-05
220,538,304,1,Mini Moment,Mini sessions,2025-07-23,2025-09-02,completed,237.25,Wedding Vendor,2025-07-06,2025-07-07 13:00:00,55,83.04,True,154.20999999999998,83.04,28.040000000000006,17,37.0,2025-07
221,528,106,4,Milestone,Graduation,2025-05-29,2025-08-25,completed,553.36,Referral,2025-05-24,2025-05-26 09:00:00,120,553.36,True,0.0,553.36,433.36,5,57.0,2025-05
222,1162,672,2,Essential Portrait,Maternity,2024-08-10,2024-08-27,completed,448.71,Google Search,2024-08-05,2024-08-05 16:00:00,110,157.05,True,291.65999999999997,157.05,47.05000000000001,5,16.0,2024-08
223,329,398,4,Milestone,Graduation,2025-03-13,2025-04-18,cancelled,482.66,Google Search,2025-03-10,2025-03-12 02:00:00,120,482.66,False,0.0,482.66,362.66,3,50.0,2025-03
224,139,1039,2,Essential Portrait,Maternity,2024-09-14,2024-10-02,completed,505.92,Wedding Vendor,2024-09-04,2024-09-05 09:00:00,110,505.92,True,0.0,505.92,395.92,10,33.0,2024-09
225,1287,1094,2,Essential Portrait,Maternity,2024-12-09,2024-12-24,confirmed,502.02,Instagram,2024-12-01,2024-12-01 17:00:00,110,251.01,False,251.01,251.01,141.01,8,17.0,2024-12
226,1436,8,2,Essential Portrait,Family portraits,2025-11-17,2025-12-31,confirmed,497.33,Instagram,2025-11-11,2025-11-12 06:00:00,110,497.33,False,0.0,497.33,387.33,6,30.0,2025-11
227,1357,15,6,Wedding Collection,Weddings,2024-05-16,2024-06-27,completed,2926.04,Facebook,2024-05-03,2024-05-03 19:00:00,1150,2926.04,True,0.0,2926.04,1776.04,13,19.0,2024-05
228,960,636,6,Wedding Collection,Weddings,2025-10-16,2025-12-21,rescheduled,3282.29,Google Search,2025-10-05,2025-10-06 16:00:00,1150,3282.29,False,0.0,3282.29,2132.29,11,40.0,2025-10
229,231,602,4,Milestone,Graduation,2024-12-19,2025-03-15,completed,496.29,Local Event,2024-12-01,2024-12-02 03:00:00,120,496.29,True,0.0,496.29,376.29,18,27.0,2024-12
230,1253,923,1,Mini Moment,Mini sessions,2025-02-08,2025-04-27,completed,216.64,Facebook,2025-01-31,2025-02-02 09:00:00,55,216.64,True,0.0,216.64,161.64,8,57.0,2025-02
231,952,202,6,Wedding Collection,Weddings,2025-10-29,2025-12-03,completed,3141.26,Facebook,2025-10-17,2025-10-19 11:00:00,1150,3141.26,True,0.0,3141.26,1991.2600000000002,12,59.0,2025-10
232,744,954,5,Brand Builder,Branding/headshots,2024-06-26,2024-07-12,cancelled,805.23,Facebook,2024-06-13,2024-06-15 11:00:00,210,805.23,False,0.0,805.23,595.23,13,59.0,2024-06
233,1723,858,2,Essential Portrait,Family portraits,2024-03-20,2024-05-19,completed,429.75,Instagram,2024-02-27,2024-02-29 12:00:00,110,429.75,True,0.0,429.75,319.75,22,60.0,2024-03
234,1432,74,2,Essential Portrait,Maternity,2024-10-19,2024-11-25,completed,456.02,Facebook,2024-10-15,2024-10-17 09:00:00,110,456.02,True,0.0,456.02,346.02,4,57.0,2024-10
235,1324,407,5,Brand Builder,Branding/headshots,2024-04-25,2024-07-13,cancelled,908.27,Google Search,2024-04-10,2024-04-12 15:00:00,210,908.27,False,0.0,908.27,698.27,15,63.0,2024-04
236,1037,341,6,Wedding Collection,Weddings,2024-07-11,2024-11-07,completed,3297.46,Repeat Client,2024-07-02,2024-07-04 18:00:00,1150,1154.11,True,2143.3500000000004,1154.11,4.1099999999999,9,66.0,2024-07
237,1593,662,2,Essential Portrait,Family portraits,2025-03-11,2025-04-06,completed,466.7,Local Event,2025-03-05,2025-03-07 11:00:00,110,466.7,True,0.0,466.7,356.7,6,59.0,2025-03
238,617,528,3,Signature Story,Couples,2025-05-03,2025-08-04,completed,669.52,Repeat Client,2025-04-11,2025-04-11 07:00:00,145,669.52,True,0.0,669.52,524.52,22,7.0,2025-05
239,1083,30,2,Essential Portrait,Family portraits,2024-10-29,2025-02-15,completed,440.67,Wedding Vendor,2024-10-16,2024-10-18 20:00:00,110,440.67,True,0.0,440.67,330.67,13,68.0,2024-10
240,658,229,2,Essential Portrait,Maternity,2024-03-23,2024-05-11,rescheduled,468.38,Wedding Vendor,2024-03-13,2024-03-13 04:00:00,110,468.38,False,0.0,468.38,358.38,10,4.0,2024-03
241,936,575,2,Essential Portrait,Family portraits,2025-04-14,2025-05-12,completed,509.94,Referral,2025-04-06,2025-04-08 15:00:00,110,509.94,True,0.0,509.94,399.94,8,63.0,2025-04
242,1774,474,5,Brand Builder,Branding/headshots,2025-11-26,2026-02-06,completed,856.28,Instagram,2025-11-05,2025-11-07 05:00:00,210,856.28,True,0.0,856.28,646.28,21,53.0,2025-11
243,1455,1151,5,Brand Builder,Branding/headshots,2026-01-19,2026-05-06,completed,800.33,Referral,2025-12-30,2025-12-31 00:00:00,210,800.33,True,0.0,800.33,590.33,20,24.0,2026-01
244,1400,958,2,Essential Portrait,Newborn,2024-12-03,2025-02-06,confirmed,472.82,Instagram,2024-11-20,2024-11-20 06:00:00,110,472.82,False,0.0,472.82,362.82,13,6.0,2024-12
245,1290,283,5,Brand Builder,Branding/headshots,2025-04-13,2025-05-04,completed,900.39,Instagram,2025-04-06,2025-04-07 20:00:00,210,900.39,True,0.0,900.39,690.39,7,44.0,2025-04
246,89,626,1,Mini Moment,Mini sessions,2025-01-04,2025-05-02,completed,226.84,Referral,2024-12-21,2024-12-22 15:00:00,55,226.84,True,0.0,226.84,171.84,14,39.0,2025-01
247,573,1137,1,Mini Moment,Mini sessions,2024-04-27,2024-08-16,completed,232.83,Google Search,2024-04-21,2024-04-21 08:00:00,55,232.83,True,0.0,232.83,177.83,6,8.0,2024-04
248,946,240,5,Brand Builder,Branding/headshots,2024-01-23,2024-05-15,completed,844.83,Wedding Vendor,2024-01-11,2024-01-11 12:00:00,210,422.42,True,422.41,422.42,212.42000000000002,12,12.0,2024-01
249,808,830,1,Mini Moment,Mini sessions,2024-10-11,2024-11-13,completed,232.73,Instagram,2024-10-01,2024-10-03 23:00:00,55,116.36,True,116.36999999999999,116.36,61.36,10,71.0,2024-10
250,684,283,2,Essential Portrait,Family portraits,2025-02-03,2025-02-23,confirmed,500.65,Referral,2025-01-17,2025-01-17 12:00:00,110,0.0,False,500.65,0.0,-110.0,17,12.0,2025-02
251,307,498,6,Wedding Collection,Weddings,2025-03-17,2025-06-06,completed,3070.41,Instagram,2025-03-16,2025-03-17 01:00:00,1150,3070.41,True,0.0,3070.41,1920.4099999999999,1,25.0,2025-03
252,347,477,2,Essential Portrait,Family portraits,2024-10-12,2025-01-25,cancelled,478.72,Instagram,2024-09-28,2024-09-29 02:00:00,110,478.72,False,0.0,478.72,368.72,14,26.0,2024-10
253,887,415,1,Mini Moment,Mini sessions,2024-10-07,2024-11-01,rescheduled,213.18,Instagram,2024-10-06,2024-10-07 23:00:00,55,213.18,False,0.0,213.18,158.18,1,47.0,2024-10
254,343,1043,4,Milestone,Graduation,2024-07-02,2024-09-20,rescheduled,522.89,Instagram,2024-06-13,2024-06-14 17:00:00,120,0.0,False,522.89,0.0,-120.0,19,41.0,2024-07
255,1459,366,1,Mini Moment,Mini sessions,2024-02-04,2024-03-19,completed,233.48,Google Search,2024-01-30,2024-01-31 00:00:00,55,233.48,True,0.0,233.48,178.48,5,24.0,2024-02
256,1284,1114,4,Milestone,Graduation,2024-08-25,2024-12-23,completed,564.07,Facebook,2024-08-19,2024-08-20 18:00:00,120,564.07,True,0.0,564.07,444.07000000000005,6,42.0,2024-08
257,836,202,6,Wedding Collection,Weddings,2025-05-07,2025-06-17,completed,3421.88,Facebook,2025-04-24,2025-04-24 18:00:00,1150,3421.88,True,0.0,3421.88,2271.88,13,18.0,2025-05
258,833,663,2,Essential Portrait,Family portraits,2024-12-02,2025-02-16,completed,448.34,Referral,2024-11-13,2024-11-14 22:00:00,110,448.34,True,0.0,448.34,338.34,19,46.0,2024-12
259,1527,549,3,Signature Story,Couples,2024-07-29,2024-08-13,completed,587.87,Referral,2024-07-17,2024-07-18 10:00:00,145,205.75,True,382.12,205.75,60.75,12,34.0,2024-07
260,601,1038,5,Brand Builder,Branding/headshots,2026-01-10,2026-02-20,completed,882.07,Referral,2025-12-17,2025-12-19 12:00:00,210,882.07,True,0.0,882.07,672.07,24,60.0,2026-01
261,725,409,4,Milestone,Graduation,2025-10-29,2025-11-24,cancelled,562.83,Instagram,2025-10-12,2025-10-12 12:00:00,120,562.83,False,0.0,562.83,442.83000000000004,17,12.0,2025-10
262,1353,813,1,Mini Moment,Mini sessions,2024-09-13,2024-10-14,completed,206.88,Referral,2024-09-07,2024-09-09 04:00:00,55,206.88,True,0.0,206.88,151.88,6,52.0,2024-09
263,1533,115,4,Milestone,Graduation,2025-05-30,2025-08-07,completed,554.6,Facebook,2025-05-24,2025-05-24 15:00:00,120,554.6,True,0.0,554.6,434.6,6,15.0,2025-05
264,1345,1073,1,Mini Moment,Mini sessions,2025-10-28,2026-02-17,completed,229.52,Instagram,2025-10-13,2025-10-13 22:00:00,55,229.52,True,0.0,229.52,174.52,15,22.0,2025-10
265,983,451,4,Milestone,Graduation,2025-02-10,2025-04-04,completed,535.52,Paid Advertisement,2025-02-02,2025-02-03 19:00:00,120,535.52,True,0.0,535.52,415.52,8,43.0,2025-02
266,507,896,4,Milestone,Graduation,2024-05-19,2024-07-28,completed,485.41,Instagram,2024-04-30,2024-04-30 12:00:00,120,485.41,True,0.0,485.41,365.41,19,12.0,2024-05
267,30,1102,2,Essential Portrait,Family portraits,2024-11-21,2025-02-02,completed,484.81,Wedding Vendor,2024-11-19,2024-11-20 21:00:00,110,484.81,True,0.0,484.81,374.81,2,45.0,2024-11
268,250,832,4,Milestone,Graduation,2024-11-07,2024-11-23,completed,527.52,Facebook,2024-10-15,2024-10-15 01:00:00,120,527.52,True,0.0,527.52,407.52,23,1.0,2024-11
269,1783,742,3,Signature Story,Couples,2025-06-04,2025-09-05,completed,648.09,Repeat Client,2025-06-01,2025-06-02 22:00:00,145,324.04,True,324.05,324.04,179.04000000000002,3,46.0,2025-06
270,1354,893,5,Brand Builder,Branding/headshots,2024-07-24,2024-10-03,completed,908.21,Referral,2024-07-01,2024-07-02 02:00:00,210,454.1,True,454.11,454.1,244.10000000000002,23,26.0,2024-07
271,1518,520,5,Brand Builder,Branding/headshots,2024-09-26,2024-11-25,completed,832.15,Google Search,2024-09-12,2024-09-14 10:00:00,210,832.15,True,0.0,832.15,622.15,14,58.0,2024-09
272,1551,99,4,Milestone,Graduation,2025-06-18,2025-07-14,completed,555.91,Google Search,2025-05-31,2025-05-31 21:00:00,120,555.91,True,0.0,555.91,435.90999999999997,18,21.0,2025-06
273,239,741,3,Signature Story,Couples,2025-12-16,2026-02-04,rescheduled,586.36,Instagram,2025-12-01,2025-12-03 01:00:00,145,586.36,False,0.0,586.36,441.36,15,49.0,2025-12
274,1738,816,2,Essential Portrait,Family portraits,2024-05-17,2024-08-05,cancelled,470.34,Google Search,2024-05-15,2024-05-16 02:00:00,110,235.17,False,235.17,235.17,125.16999999999999,2,26.0,2024-05
275,1434,203,5,Brand Builder,Branding/headshots,2025-04-10,2025-06-17,completed,886.15,Referral,2025-03-25,2025-03-25 02:00:00,210,886.15,True,0.0,886.15,676.15,16,2.0,2025-04
276,1742,308,2,Essential Portrait,Newborn,2025-12-04,2026-01-18,confirmed,468.64,Paid Advertisement,2025-11-28,2025-11-28 19:00:00,110,468.64,False,0.0,468.64,358.64,6,19.0,2025-12
277,598,246,3,Signature Story,Couples,2025-10-27,2026-01-18,completed,616.27,Instagram,2025-10-08,2025-10-09 13:00:00,145,616.27,True,0.0,616.27,471.27,19,37.0,2025-10
278,1576,43,2,Essential Portrait,Newborn,2025-10-26,2026-01-02,completed,503.67,Paid Advertisement,2025-10-18,2025-10-18 12:00:00,110,503.67,True,0.0,503.67,393.67,8,12.0,2025-10
279,465,607,4,Milestone,Graduation,2025-04-16,2025-06-23,completed,555.44,Instagram,2025-04-03,2025-04-03 18:00:00,120,555.44,True,0.0,555.44,435.44000000000005,13,18.0,2025-04
280,852,685,6,Wedding Collection,Weddings,2025-08-24,2025-09-23,completed,3088.97,Local Event,2025-08-11,2025-08-13 11:00:00,1150,3088.97,True,0.0,3088.97,1938.9699999999998,13,59.0,2025-08
281,557,753,2,Essential Portrait,Maternity,2025-12-20,2026-02-22,completed,457.87,Instagram,2025-12-06,2025-12-08 10:00:00,110,457.87,True,0.0,457.87,347.87,14,58.0,2025-12
282,1691,762,2,Essential Portrait,Family portraits,2024-09-13,2024-12-21,completed,483.64,Facebook,2024-08-31,2024-09-02 21:00:00,110,483.64,True,0.0,483.64,373.64,13,69.0,2024-09
283,604,951,4,Milestone,Graduation,2024-07-10,2024-09-16,completed,507.0,Facebook,2024-07-05,2024-07-05 13:00:00,120,507.0,True,0.0,507.0,387.0,5,13.0,2024-07
284,1718,1107,3,Signature Story,Couples,2024-01-25,2024-02-02,completed,593.12,Paid Advertisement,2024-01-03,2024-01-04 01:00:00,145,593.12,True,0.0,593.12,448.12,22,25.0,2024-01
285,998,586,2,Essential Portrait,Newborn,2024-03-27,2024-07-08,completed,447.97,Wedding Vendor,2024-03-16,2024-03-16 12:00:00,110,0.0,True,447.97,0.0,-110.0,11,12.0,2024-03
286,317,371,2,Essential Portrait,Family portraits,2025-12-24,2026-01-07,completed,498.46,Repeat Client,2025-12-22,2025-12-24 15:00:00,110,498.46,True,0.0,498.46,388.46,2,63.0,2025-12
287,886,86,2,Essential Portrait,Family portraits,2025-03-21,2025-06-21,completed,445.17,Instagram,2025-03-11,2025-03-13 14:00:00,110,445.17,True,0.0,445.17,335.17,10,62.0,2025-03
288,677,163,1,Mini Moment,Mini sessions,2025-02-27,2025-06-04,completed,221.83,Repeat Client,2025-02-19,2025-02-20 11:00:00,55,221.83,True,0.0,221.83,166.83,8,35.0,2025-02
289,162,638,1,Mini Moment,Mini sessions,2024-12-03,2025-02-11,completed,231.61,Instagram,2024-11-25,2024-11-27 17:00:00,55,0.0,True,231.61,0.0,-55.0,8,65.0,2024-12
290,712,503,4,Milestone,Graduation,2025-09-20,2025-10-02,completed,546.01,Repeat Client,2025-08-28,2025-08-29 00:00:00,120,0.0,True,546.01,0.0,-120.0,23,24.0,2025-09
291,309,484,6,Wedding Collection,Weddings,2024-05-02,2024-08-08,completed,3198.01,Facebook,2024-04-15,2024-04-17 00:00:00,1150,3198.01,True,0.0,3198.01,2048.01,17,48.0,2024-05
292,376,315,5,Brand Builder,Branding/headshots,2024-10-15,2024-12-02,completed,891.45,Google Search,2024-09-26,2024-09-28 13:00:00,210,0.0,True,891.45,0.0,-210.0,19,61.0,2024-10
293,1688,1104,2,Essential Portrait,Newborn,2024-04-05,2024-04-28,cancelled,507.43,Instagram,2024-03-31,2024-03-31 05:00:00,110,0.0,False,507.43,0.0,-110.0,5,5.0,2024-04
294,1652,773,2,Essential Portrait,Family portraits,2025-08-19,2025-10-28,completed,489.47,Facebook,2025-08-05,2025-08-05 21:00:00,110,489.47,True,0.0,489.47,379.47,14,21.0,2025-08
295,1651,827,3,Signature Story,Couples,2024-10-03,2024-11-19,completed,623.18,Paid Advertisement,2024-09-19,2024-09-19 13:00:00,145,623.18,True,0.0,623.18,478.17999999999995,14,13.0,2024-10
296,247,991,1,Mini Moment,Mini sessions,2025-08-13,2025-11-27,completed,212.44,Paid Advertisement,2025-07-28,2025-07-28 03:00:00,55,212.44,True,0.0,212.44,157.44,16,3.0,2025-08
297,993,1058,2,Essential Portrait,Family portraits,2024-12-23,2025-02-11,completed,454.69,Google Search,2024-12-06,2024-12-08 16:00:00,110,454.69,True,0.0,454.69,344.69,17,64.0,2024-12
298,768,1165,2,Essential Portrait,Newborn,2024-08-21,2024-11-14,completed,464.39,Repeat Client,2024-07-31,2024-07-31 23:00:00,110,232.2,True,232.19,232.2,122.19999999999999,21,23.0,2024-08
299,932,1143,2,Essential Portrait,Family portraits,2025-02-27,2025-05-23,rescheduled,438.25,Instagram,2025-02-05,2025-02-06 12:00:00,110,438.25,False,0.0,438.25,328.25,22,36.0,2025-02
300,420,726,3,Signature Story,Couples,2025-12-21,2026-01-28,completed,615.17,Referral,2025-12-11,2025-12-13 20:00:00,145,307.58,True,307.59,307.58,162.57999999999998,10,68.0,2025-12
301,404,554,1,Mini Moment,Mini sessions,2025-03-02,2025-04-02,rescheduled,215.54,Facebook,2025-02-20,2025-02-21 06:00:00,55,107.77,False,107.77,107.77,52.769999999999996,10,30.0,2025-03
302,171,130,6,Wedding Collection,Weddings,2024-01-06,2024-01-21,completed,3048.87,Instagram,2024-01-05,2024-01-07 17:00:00,1150,1524.43,True,1524.4399999999998,1524.43,374.43000000000006,1,65.0,2024-01
303,1577,971,6,Wedding Collection,Weddings,2024-07-22,2024-08-03,completed,3184.46,Wedding Vendor,2024-07-13,2024-07-13 08:00:00,1150,3184.46,True,0.0,3184.46,2034.46,9,8.0,2024-07
304,432,1078,2,Essential Portrait,Family portraits,2025-12-03,2026-03-01,completed,428.48,Wedding Vendor,2025-11-25,2025-11-26 18:00:00,110,428.48,True,0.0,428.48,318.48,8,42.0,2025-12
305,136,475,1,Mini Moment,Mini sessions,2024-12-17,2025-02-25,completed,217.37,Wedding Vendor,2024-11-25,2024-11-27 03:00:00,55,0.0,True,217.37,0.0,-55.0,22,51.0,2024-12
306,1224,577,2,Essential Portrait,Family portraits,2024-12-05,2025-03-29,completed,451.9,Referral,2024-12-01,2024-12-03 10:00:00,110,451.9,True,0.0,451.9,341.9,4,58.0,2024-12
307,262,235,5,Brand Builder,Branding/headshots,2024-09-06,2024-10-04,completed,822.97,Facebook,2024-08-30,2024-09-01 04:00:00,210,411.49,True,411.48,411.49,201.49,7,52.0,2024-09
308,1754,511,1,Mini Moment,Mini sessions,2024-10-08,2024-11-16,rescheduled,237.97,Repeat Client,2024-10-04,2024-10-06 07:00:00,55,0.0,False,237.97,0.0,-55.0,4,55.0,2024-10
309,199,868,5,Brand Builder,Branding/headshots,2025-04-05,2025-05-17,completed,817.92,Referral,2025-03-30,2025-03-30 04:00:00,210,817.92,True,0.0,817.92,607.92,6,4.0,2025-04
310,1702,628,3,Signature Story,Couples,2025-12-13,2026-03-02,completed,668.37,Repeat Client,2025-11-27,2025-11-29 08:00:00,145,668.37,True,0.0,668.37,523.37,16,56.0,2025-12
311,1782,962,4,Milestone,Graduation,2025-11-13,2026-01-09,cancelled,547.36,Local Event,2025-10-26,2025-10-27 11:00:00,120,547.36,False,0.0,547.36,427.36,18,35.0,2025-11
312,1211,217,2,Essential Portrait,Family portraits,2025-09-05,2025-11-08,completed,439.77,Google Search,2025-08-31,2025-09-03 00:00:00,110,439.77,True,0.0,439.77,329.77,5,72.0,2025-09
313,410,921,6,Wedding Collection,Weddings,2024-06-17,2024-09-20,rescheduled,3223.46,Facebook,2024-06-07,2024-06-08 13:00:00,1150,0.0,False,3223.46,0.0,-1150.0,10,37.0,2024-06
314,1364,1135,6,Wedding Collection,Weddings,2025-03-21,2025-03-28,completed,3078.75,Instagram,2025-03-11,2025-03-11 19:00:00,1150,3078.75,True,0.0,3078.75,1928.75,10,19.0,2025-03
315,418,685,3,Signature Story,Couples,2024-11-12,2024-12-01,completed,627.4,Facebook,2024-10-20,2024-10-22 15:00:00,145,627.4,True,0.0,627.4,482.4,23,63.0,2024-11
316,492,913,2,Essential Portrait,Family portraits,2024-10-25,2025-01-08,completed,445.49,Instagram,2024-10-11,2024-10-11 05:00:00,110,0.0,True,445.49,0.0,-110.0,14,5.0,2024-10
317,1361,172,1,Mini Moment,Mini sessions,2025-05-30,2025-08-19,rescheduled,217.99,Instagram,2025-05-26,2025-05-27 12:00:00,55,217.99,False,0.0,217.99,162.99,4,36.0,2025-05
318,611,162,6,Wedding Collection,Weddings,2024-02-13,2024-05-18,completed,2999.91,Instagram,2024-02-01,2024-02-02 20:00:00,1150,2999.91,True,0.0,2999.91,1849.9099999999999,12,44.0,2024-02
319,1231,820,4,Milestone,Graduation,2025-05-22,2025-05-30,completed,511.23,Referral,2025-05-11,2025-05-13 00:00:00,120,511.23,True,0.0,511.23,391.23,11,48.0,2025-05
320,176,78,2,Essential Portrait,Newborn,2025-07-15,2025-09-26,rescheduled,473.11,Google Search,2025-06-22,2025-06-24 03:00:00,110,473.11,False,0.0,473.11,363.11,23,51.0,2025-07
321,1624,208,1,Mini Moment,Mini sessions,2025-09-28,2025-11-03,completed,208.28,Instagram,2025-09-23,2025-09-24 09:00:00,55,208.28,True,0.0,208.28,153.28,5,33.0,2025-09
322,821,834,5,Brand Builder,Branding/headshots,2025-09-02,2025-12-29,completed,880.71,Paid Advertisement,2025-09-01,2025-09-01 22:00:00,210,308.25,True,572.46,308.25,98.25,1,22.0,2025-09
323,1267,799,2,Essential Portrait,Newborn,2024-08-14,2024-08-26,completed,492.87,Google Search,2024-08-04,2024-08-06 01:00:00,110,172.5,True,320.37,172.5,62.5,10,49.0,2024-08
324,807,988,3,Signature Story,Couples,2026-01-12,2026-04-01,completed,664.27,Instagram,2025-12-25,2025-12-25 10:00:00,145,664.27,True,0.0,664.27,519.27,18,10.0,2026-01
325,456,1043,4,Milestone,Graduation,2024-03-29,2024-07-24,completed,566.49,Instagram,2024-03-12,2024-03-12 03:00:00,120,566.49,True,0.0,566.49,446.49,17,3.0,2024-03
326,1184,638,5,Brand Builder,Branding/headshots,2025-05-13,2025-07-14,completed,900.09,Instagram,2025-05-06,2025-05-07 16:00:00,210,900.09,True,0.0,900.09,690.09,7,40.0,2025-05
327,1728,1147,6,Wedding Collection,Weddings,2024-06-19,2024-09-04,completed,3211.15,Instagram,2024-06-09,2024-06-09 01:00:00,1150,3211.15,True,0.0,3211.15,2061.15,10,1.0,2024-06
328,138,777,2,Essential Portrait,Family portraits,2025-02-04,2025-04-01,completed,505.64,Instagram,2025-01-12,2025-01-14 16:00:00,110,505.64,True,0.0,505.64,395.64,23,64.0,2025-02
329,1365,1070,2,Essential Portrait,Family portraits,2024-03-18,2024-04-08,completed,429.37,Local Event,2024-02-28,2024-02-29 21:00:00,110,0.0,True,429.37,0.0,-110.0,19,45.0,2024-03
330,1153,431,2,Essential Portrait,Family portraits,2024-12-05,2025-02-14,completed,429.05,Referral,2024-11-19,2024-11-21 20:00:00,110,429.05,True,0.0,429.05,319.05,16,68.0,2024-12
331,1600,489,2,Essential Portrait,Family portraits,2025-02-25,2025-06-12,completed,475.33,Wedding Vendor,2025-02-15,2025-02-16 14:00:00,110,475.33,True,0.0,475.33,365.33,10,38.0,2025-02
332,48,771,5,Brand Builder,Branding/headshots,2025-05-21,2025-07-26,rescheduled,864.61,Google Search,2025-05-01,2025-05-01 22:00:00,210,302.61,False,562.0,302.61,92.61000000000001,20,22.0,2025-05
333,445,536,4,Milestone,Graduation,2025-12-03,2026-02-16,completed,479.96,Instagram,2025-11-30,2025-12-01 00:00:00,120,0.0,True,479.96,0.0,-120.0,3,24.0,2025-12
334,214,96,1,Mini Moment,Mini sessions,2025-06-14,2025-09-29,completed,240.41,Instagram,2025-05-30,2025-05-30 06:00:00,55,240.41,True,0.0,240.41,185.41,15,6.0,2025-06
335,1048,450,4,Milestone,Graduation,2025-12-01,2026-03-12,confirmed,487.18,Instagram,2025-11-26,2025-11-27 12:00:00,120,487.18,False,0.0,487.18,367.18,5,36.0,2025-12
336,1226,421,2,Essential Portrait,Family portraits,2024-03-19,2024-06-23,completed,500.77,Referral,2024-03-17,2024-03-17 04:00:00,110,500.77,True,0.0,500.77,390.77,2,4.0,2024-03
337,1799,348,5,Brand Builder,Branding/headshots,2025-11-07,2025-12-28,completed,905.26,Facebook,2025-10-26,2025-10-26 15:00:00,210,905.26,True,0.0,905.26,695.26,12,15.0,2025-11
338,1694,107,4,Milestone,Graduation,2024-07-03,2024-10-04,completed,475.15,Instagram,2024-06-22,2024-06-24 05:00:00,120,0.0,True,475.15,0.0,-120.0,11,53.0,2024-07
339,1382,1176,2,Essential Portrait,Maternity,2024-03-24,2024-04-01,rescheduled,454.69,Repeat Client,2024-03-10,2024-03-10 06:00:00,110,227.34,False,227.35,227.34,117.34,14,6.0,2024-03
340,2,75,4,Milestone,Graduation,2024-12-22,2025-03-01,completed,552.43,Facebook,2024-12-14,2024-12-14 20:00:00,120,552.43,True,0.0,552.43,432.42999999999995,8,20.0,2024-12
341,210,17,2,Essential Portrait,Family portraits,2025-11-28,2025-12-18,completed,438.16,Referral,2025-11-05,2025-11-06 12:00:00,110,438.16,True,0.0,438.16,328.16,23,36.0,2025-11
342,1374,480,3,Signature Story,Couples,2024-03-20,2024-06-22,completed,602.12,Google Search,2024-03-01,2024-03-03 01:00:00,145,602.12,True,0.0,602.12,457.12,19,49.0,2024-03
343,880,35,3,Signature Story,Couples,2025-05-13,2025-08-08,completed,621.24,Instagram,2025-04-26,2025-04-27 02:00:00,145,621.24,True,0.0,621.24,476.24,17,26.0,2025-05
344,672,176,2,Essential Portrait,Family portraits,2024-11-02,2025-02-13,completed,499.14,Referral,2024-10-10,2024-10-11 02:00:00,110,499.14,True,0.0,499.14,389.14,23,26.0,2024-11
345,1441,626,4,Milestone,Graduation,2025-06-11,2025-10-08,completed,532.86,Referral,2025-05-28,2025-05-28 20:00:00,120,532.86,True,0.0,532.86,412.86,14,20.0,2025-06
346,1251,1132,2,Essential Portrait,Newborn,2025-07-08,2025-10-21,completed,492.26,Paid Advertisement,2025-06-14,2025-06-16 05:00:00,110,492.26,True,0.0,492.26,382.26,24,53.0,2025-07
347,1363,1152,2,Essential Portrait,Family portraits,2025-10-07,2026-01-25,completed,433.82,Facebook,2025-09-13,2025-09-13 07:00:00,110,433.82,True,0.0,433.82,323.82,24,7.0,2025-10
348,790,585,5,Brand Builder,Branding/headshots,2025-10-18,2025-11-23,completed,781.87,Paid Advertisement,2025-10-12,2025-10-13 01:00:00,210,781.87,True,0.0,781.87,571.87,6,25.0,2025-10
349,1059,256,2,Essential Portrait,Newborn,2025-10-26,2025-11-08,completed,428.77,Facebook,2025-10-09,2025-10-09 13:00:00,110,428.77,True,0.0,428.77,318.77,17,13.0,2025-10
350,1385,1046,3,Signature Story,Couples,2025-10-21,2025-11-02,completed,590.73,Instagram,2025-09-28,2025-09-29 13:00:00,145,295.37,True,295.36,295.37,150.37,23,37.0,2025-10
351,208,992,2,Essential Portrait,Maternity,2025-05-04,2025-06-14,confirmed,451.35,Paid Advertisement,2025-05-02,2025-05-02 13:00:00,110,451.35,False,0.0,451.35,341.35,2,13.0,2025-05
352,1052,190,6,Wedding Collection,Weddings,2025-12-23,2026-03-26,completed,3234.16,Google Search,2025-12-12,2025-12-14 03:00:00,1150,3234.16,True,0.0,3234.16,2084.16,11,51.0,2025-12
353,840,568,2,Essential Portrait,Maternity,2024-05-30,2024-08-27,completed,506.37,Wedding Vendor,2024-05-15,2024-05-15 01:00:00,110,506.37,True,0.0,506.37,396.37,15,1.0,2024-05
354,71,351,2,Essential Portrait,Maternity,2024-07-14,2024-10-11,completed,440.17,Facebook,2024-07-09,2024-07-09 04:00:00,110,440.17,True,0.0,440.17,330.17,5,4.0,2024-07
355,407,623,2,Essential Portrait,Newborn,2024-09-07,2024-10-05,completed,487.22,Instagram,2024-09-02,2024-09-02 14:00:00,110,487.22,True,0.0,487.22,377.22,5,14.0,2024-09
356,804,1036,5,Brand Builder,Branding/headshots,2025-01-13,2025-04-23,confirmed,845.04,Instagram,2024-12-31,2025-01-01 16:00:00,210,845.04,False,0.0,845.04,635.04,13,40.0,2025-01
357,1239,700,3,Signature Story,Couples,2025-06-12,2025-09-26,completed,693.94,Google Search,2025-06-09,2025-06-11 23:00:00,145,693.94,True,0.0,693.94,548.94,3,71.0,2025-06
358,841,374,5,Brand Builder,Branding/headshots,2026-01-12,2026-03-11,completed,840.24,Google Search,2025-12-28,2025-12-28 16:00:00,210,840.24,True,0.0,840.24,630.24,15,16.0,2026-01
359,1795,857,5,Brand Builder,Branding/headshots,2024-03-15,2024-06-24,completed,772.36,Referral,2024-03-08,2024-03-08 16:00:00,210,772.36,True,0.0,772.36,562.36,7,16.0,2024-03
360,527,348,3,Signature Story,Couples,2024-08-08,2024-11-03,completed,695.12,Wedding Vendor,2024-07-25,2024-07-26 09:00:00,145,695.12,True,0.0,695.12,550.12,14,33.0,2024-08
361,382,797,2,Essential Portrait,Family portraits,2025-06-27,2025-07-10,completed,427.67,Google Search,2025-06-25,2025-06-26 14:00:00,110,0.0,True,427.67,0.0,-110.0,2,38.0,2025-06
362,209,145,1,Mini Moment,Mini sessions,2025-06-14,2025-08-17,completed,228.37,Facebook,2025-05-21,2025-05-23 05:00:00,55,228.37,True,0.0,228.37,173.37,24,53.0,2025-06
363,300,503,5,Brand Builder,Branding/headshots,2024-07-03,2024-10-25,completed,832.19,Referral,2024-06-09,2024-06-10 18:00:00,210,832.19,True,0.0,832.19,622.19,24,42.0,2024-07
364,413,832,6,Wedding Collection,Weddings,2024-10-07,2024-11-19,completed,3107.63,Local Event,2024-10-06,2024-10-08 20:00:00,1150,3107.63,True,0.0,3107.63,1957.63,1,68.0,2024-10
365,49,528,1,Mini Moment,Mini sessions,2024-12-17,2025-02-02,completed,236.01,Google Search,2024-12-15,2024-12-16 15:00:00,55,236.01,True,0.0,236.01,181.01,2,39.0,2024-12
366,1658,856,4,Milestone,Graduation,2024-07-27,2024-10-05,rescheduled,511.13,Instagram,2024-07-21,2024-07-23 15:00:00,120,511.13,False,0.0,511.13,391.13,6,63.0,2024-07
367,449,856,3,Signature Story,Couples,2024-11-11,2025-01-02,completed,626.95,Facebook,2024-10-26,2024-10-27 13:00:00,145,219.43,True,407.52000000000004,219.43,74.43,16,37.0,2024-11
368,193,1200,4,Milestone,Graduation,2024-11-06,2024-11-16,completed,490.36,Local Event,2024-11-01,2024-11-02 07:00:00,120,171.62,True,318.74,171.62,51.620000000000005,5,31.0,2024-11
369,1516,366,2,Essential Portrait,Family portraits,2024-12-24,2025-03-02,confirmed,497.31,Facebook,2024-12-18,2024-12-19 22:00:00,110,497.31,False,0.0,497.31,387.31,6,46.0,2024-12
370,1393,1076,6,Wedding Collection,Weddings,2024-05-04,2024-07-25,cancelled,3183.25,Repeat Client,2024-04-22,2024-04-24 15:00:00,1150,3183.25,False,0.0,3183.25,2033.25,12,63.0,2024-05
371,249,681,2,Essential Portrait,Family portraits,2024-06-15,2024-09-23,completed,489.04,Facebook,2024-06-11,2024-06-12 03:00:00,110,489.04,True,0.0,489.04,379.04,4,27.0,2024-06
372,1500,622,5,Brand Builder,Branding/headshots,2024-02-16,2024-06-11,completed,851.94,Referral,2024-02-06,2024-02-06 01:00:00,210,851.94,True,0.0,851.94,641.94,10,1.0,2024-02
373,1553,847,2,Essential Portrait,Family portraits,2024-04-11,2024-06-07,completed,503.84,Referral,2024-04-04,2024-04-06 17:00:00,110,251.92,True,251.92,251.92,141.92,7,65.0,2024-04
374,229,887,6,Wedding Collection,Weddings,2025-11-01,2026-02-08,completed,3064.45,Referral,2025-10-12,2025-10-14 18:00:00,1150,3064.45,True,0.0,3064.45,1914.4499999999998,20,66.0,2025-11
375,592,516,5,Brand Builder,Branding/headshots,2025-09-10,2025-09-21,completed,798.71,Google Search,2025-08-31,2025-08-31 08:00:00,210,279.55,True,519.1600000000001,279.55,69.55000000000001,10,8.0,2025-09
376,1210,996,3,Signature Story,Couples,2024-07-08,2024-09-16,completed,604.57,Referral,2024-06-23,2024-06-23 08:00:00,145,604.57,True,0.0,604.57,459.57000000000005,15,8.0,2024-07
377,280,85,1,Mini Moment,Mini sessions,2024-07-07,2024-07-30,completed,239.88,Instagram,2024-06-27,2024-06-28 16:00:00,55,239.88,True,0.0,239.88,184.88,10,40.0,2024-07
378,805,103,2,Essential Portrait,Maternity,2024-08-22,2024-11-22,confirmed,440.21,Local Event,2024-08-21,2024-08-21 21:00:00,110,440.21,False,0.0,440.21,330.21,1,21.0,2024-08
379,1215,164,2,Essential Portrait,Family portraits,2025-11-07,2025-12-27,completed,437.28,Referral,2025-11-01,2025-11-02 17:00:00,110,437.28,True,0.0,437.28,327.28,6,41.0,2025-11
380,1567,605,6,Wedding Collection,Weddings,2024-05-29,2024-07-26,cancelled,3422.95,Facebook,2024-05-17,2024-05-18 16:00:00,1150,1198.03,False,2224.92,1198.03,48.02999999999997,12,40.0,2024-05
381,729,625,5,Brand Builder,Branding/headshots,2025-04-28,2025-06-14,completed,866.06,Paid Advertisement,2025-04-07,2025-04-08 20:00:00,210,0.0,True,866.06,0.0,-210.0,21,44.0,2025-04
382,53,125,2,Essential Portrait,Family portraits,2024-08-24,2024-12-11,cancelled,473.21,Instagram,2024-08-16,2024-08-18 18:00:00,110,473.21,False,0.0,473.21,363.21,8,66.0,2024-08
383,436,1078,1,Mini Moment,Mini sessions,2025-04-10,2025-05-29,completed,206.22,Google Search,2025-03-19,2025-03-21 01:00:00,55,206.22,True,0.0,206.22,151.22,22,49.0,2025-04
384,1127,17,1,Mini Moment,Mini sessions,2026-01-07,2026-02-21,completed,225.94,Instagram,2025-12-25,2025-12-25 21:00:00,55,225.94,True,0.0,225.94,170.94,13,21.0,2026-01
385,1458,168,2,Essential Portrait,Maternity,2025-10-21,2026-01-09,completed,460.58,Referral,2025-10-05,2025-10-07 09:00:00,110,460.58,True,0.0,460.58,350.58,16,57.0,2025-10
386,710,634,2,Essential Portrait,Family portraits,2024-03-28,2024-04-11,completed,440.53,Referral,2024-03-11,2024-03-12 15:00:00,110,440.53,True,0.0,440.53,330.53,17,39.0,2024-03
387,930,202,2,Essential Portrait,Newborn,2024-05-06,2024-08-09,completed,442.21,Wedding Vendor,2024-04-22,2024-04-24 01:00:00,110,442.21,True,0.0,442.21,332.21,14,49.0,2024-05
388,390,467,5,Brand Builder,Branding/headshots,2024-07-16,2024-09-07,completed,884.65,Wedding Vendor,2024-07-05,2024-07-07 11:00:00,210,309.63,True,575.02,309.63,99.63,11,59.0,2024-07
389,1428,613,1,Mini Moment,Mini sessions,2025-03-31,2025-06-25,completed,219.16,Instagram,2025-03-16,2025-03-19 00:00:00,55,219.16,True,0.0,219.16,164.16,15,72.0,2025-03
390,1090,117,2,Essential Portrait,Family portraits,2025-12-30,2026-03-10,completed,448.91,Paid Advertisement,2025-12-06,2025-12-08 02:00:00,110,448.91,True,0.0,448.91,338.91,24,50.0,2025-12
391,727,1179,1,Mini Moment,Mini sessions,2025-10-28,2025-12-05,completed,219.53,Repeat Client,2025-10-16,2025-10-18 08:00:00,55,219.53,True,0.0,219.53,164.53,12,56.0,2025-10
392,1419,94,6,Wedding Collection,Weddings,2025-08-18,2025-10-27,completed,3393.72,Referral,2025-07-28,2025-07-28 08:00:00,1150,3393.72,True,0.0,3393.72,2243.72,21,8.0,2025-08
393,603,963,6,Wedding Collection,Weddings,2025-11-07,2026-02-03,completed,3070.65,Paid Advertisement,2025-10-19,2025-10-20 18:00:00,1150,1535.32,True,1535.3300000000002,1535.32,385.31999999999994,19,42.0,2025-11
394,1326,241,5,Brand Builder,Branding/headshots,2025-06-14,2025-08-21,completed,806.52,Wedding Vendor,2025-06-01,2025-06-02 15:00:00,210,806.52,True,0.0,806.52,596.52,13,39.0,2025-06
395,508,935,2,Essential Portrait,Maternity,2025-03-07,2025-05-21,completed,505.31,Instagram,2025-02-19,2025-02-19 21:00:00,110,505.31,True,0.0,505.31,395.31,16,21.0,2025-03
396,1101,1178,6,Wedding Collection,Weddings,2025-04-20,2025-07-10,completed,3395.16,Instagram,2025-04-04,2025-04-05 21:00:00,1150,3395.16,True,0.0,3395.16,2245.16,16,45.0,2025-04
397,741,491,1,Mini Moment,Mini sessions,2024-10-04,2024-10-14,completed,212.55,Google Search,2024-09-26,2024-09-28 15:00:00,55,212.55,True,0.0,212.55,157.55,8,63.0,2024-10
398,215,919,2,Essential Portrait,Family portraits,2025-08-09,2025-08-28,completed,477.72,Paid Advertisement,2025-08-05,2025-08-06 15:00:00,110,477.72,True,0.0,477.72,367.72,4,39.0,2025-08
399,1360,1185,5,Brand Builder,Branding/headshots,2024-04-27,2024-05-13,completed,889.08,Facebook,2024-04-23,2024-04-24 14:00:00,210,889.08,True,0.0,889.08,679.08,4,38.0,2024-04
400,1498,541,2,Essential Portrait,Family portraits,2025-12-18,2026-01-26,completed,434.97,Paid Advertisement,2025-11-28,2025-11-29 14:00:00,110,217.49,True,217.48000000000002,217.49,107.49000000000001,20,38.0,2025-12
401,1720,252,6,Wedding Collection,Weddings,2025-04-18,2025-07-06,completed,3022.12,Instagram,2025-03-29,2025-03-30 03:00:00,1150,3022.12,True,0.0,3022.12,1872.12,20,27.0,2025-04
402,1223,859,2,Essential Portrait,Newborn,2024-07-06,2024-09-21,completed,497.39,Facebook,2024-06-22,2024-06-22 11:00:00,110,497.39,True,0.0,497.39,387.39,14,11.0,2024-07
403,1222,864,2,Essential Portrait,Family portraits,2024-11-16,2025-02-06,confirmed,465.86,Google Search,2024-11-14,2024-11-14 19:00:00,110,465.86,False,0.0,465.86,355.86,2,19.0,2024-11
404,220,1000,5,Brand Builder,Branding/headshots,2024-03-14,2024-05-23,completed,771.6,Facebook,2024-02-20,2024-02-22 12:00:00,210,385.8,True,385.8,385.8,175.8,23,60.0,2024-03
405,184,20,2,Essential Portrait,Family portraits,2025-10-18,2025-12-19,completed,431.02,Wedding Vendor,2025-10-06,2025-10-08 19:00:00,110,431.02,True,0.0,431.02,321.02,12,67.0,2025-10
406,1395,546,6,Wedding Collection,Weddings,2025-10-11,2026-01-25,completed,3057.88,Instagram,2025-09-18,2025-09-18 05:00:00,1150,3057.88,True,0.0,3057.88,1907.88,23,5.0,2025-10
407,275,1113,3,Signature Story,Couples,2025-08-15,2025-12-01,completed,679.9,Instagram,2025-08-02,2025-08-04 03:00:00,145,679.9,True,0.0,679.9,534.9,13,51.0,2025-08
408,1407,951,2,Essential Portrait,Family portraits,2024-11-12,2025-02-22,completed,431.79,Google Search,2024-10-30,2024-11-01 11:00:00,110,431.79,True,0.0,431.79,321.79,13,59.0,2024-11
409,1384,423,6,Wedding Collection,Weddings,2024-04-05,2024-05-21,rescheduled,2939.81,Wedding Vendor,2024-03-12,2024-03-12 19:00:00,1150,2939.81,False,0.0,2939.81,1789.81,24,19.0,2024-04
410,1749,611,2,Essential Portrait,Family portraits,2025-11-25,2026-02-17,rescheduled,468.67,Google Search,2025-11-02,2025-11-04 17:00:00,110,0.0,False,468.67,0.0,-110.0,23,65.0,2025-11
411,1781,774,2,Essential Portrait,Family portraits,2025-09-08,2025-11-21,completed,471.7,Instagram,2025-09-07,2025-09-09 18:00:00,110,471.7,True,0.0,471.7,361.7,1,66.0,2025-09
412,1213,714,2,Essential Portrait,Maternity,2025-07-23,2025-08-07,completed,440.03,Google Search,2025-07-11,2025-07-11 17:00:00,110,220.01,True,220.01999999999998,220.01,110.00999999999999,12,17.0,2025-07
413,1268,181,2,Essential Portrait,Family portraits,2025-10-07,2025-11-01,completed,454.31,Referral,2025-09-24,2025-09-26 10:00:00,110,454.31,True,0.0,454.31,344.31,13,58.0,2025-10
414,1068,446,2,Essential Portrait,Maternity,2025-02-09,2025-02-25,rescheduled,470.58,Facebook,2025-01-16,2025-01-17 07:00:00,110,470.58,False,0.0,470.58,360.58,24,31.0,2025-02
415,642,249,4,Milestone,Graduation,2024-10-20,2024-12-10,completed,517.79,Instagram,2024-10-04,2024-10-05 21:00:00,120,517.79,True,0.0,517.79,397.78999999999996,16,45.0,2024-10
416,115,622,1,Mini Moment,Mini sessions,2025-09-20,2025-11-11,completed,222.2,Facebook,2025-09-07,2025-09-09 20:00:00,55,222.2,True,0.0,222.2,167.2,13,68.0,2025-09
417,622,1004,4,Milestone,Graduation,2024-01-24,2024-04-08,confirmed,525.3,Facebook,2024-01-23,2024-01-24 18:00:00,120,525.3,False,0.0,525.3,405.29999999999995,1,42.0,2024-01
418,1778,798,4,Milestone,Graduation,2024-12-19,2025-04-11,completed,558.81,Paid Advertisement,2024-11-26,2024-11-27 08:00:00,120,558.81,True,0.0,558.81,438.80999999999995,23,32.0,2024-12
419,63,575,6,Wedding Collection,Weddings,2025-02-12,2025-04-16,cancelled,2883.34,Facebook,2025-02-01,2025-02-03 00:00:00,1150,2883.34,False,0.0,2883.34,1733.3400000000001,11,48.0,2025-02
420,820,521,4,Milestone,Graduation,2024-11-24,2025-03-03,completed,550.91,Facebook,2024-11-02,2024-11-04 19:00:00,120,550.91,True,0.0,550.91,430.90999999999997,22,67.0,2024-11
421,1196,55,1,Mini Moment,Mini sessions,2025-06-08,2025-07-21,completed,219.63,Google Search,2025-06-02,2025-06-04 23:00:00,55,109.81,True,109.82,109.81,54.81,6,71.0,2025-06
422,839,306,1,Mini Moment,Mini sessions,2024-12-11,2025-02-11,rescheduled,227.59,Instagram,2024-11-30,2024-12-01 12:00:00,55,227.59,False,0.0,227.59,172.59,11,36.0,2024-12
423,1273,777,5,Brand Builder,Branding/headshots,2025-10-08,2025-11-23,completed,876.64,Paid Advertisement,2025-09-28,2025-09-30 03:00:00,210,876.64,True,0.0,876.64,666.64,10,51.0,2025-10
424,1227,422,6,Wedding Collection,Weddings,2025-07-05,2025-10-03,completed,2919.46,Facebook,2025-06-26,2025-06-26 08:00:00,1150,2919.46,True,0.0,2919.46,1769.46,9,8.0,2025-07
425,644,1184,3,Signature Story,Couples,2024-11-03,2025-02-06,completed,656.66,Referral,2024-10-21,2024-10-23 17:00:00,145,656.66,True,0.0,656.66,511.65999999999997,13,65.0,2024-11
426,1564,379,4,Milestone,Graduation,2025-06-11,2025-08-22,completed,540.55,Google Search,2025-06-02,2025-06-03 00:00:00,120,189.19,True,351.35999999999996,189.19,69.19,9,24.0,2025-06
427,1246,582,3,Signature Story,Couples,2024-07-25,2024-11-11,completed,648.2,Wedding Vendor,2024-07-22,2024-07-22 23:00:00,145,648.2,True,0.0,648.2,503.20000000000005,3,23.0,2024-07
428,1435,395,5,Brand Builder,Branding/headshots,2025-12-23,2026-02-21,completed,881.37,Paid Advertisement,2025-12-01,2025-12-03 17:00:00,210,881.37,True,0.0,881.37,671.37,22,65.0,2025-12
429,1656,258,3,Signature Story,Couples,2025-09-30,2025-10-07,cancelled,690.87,Referral,2025-09-20,2025-09-20 01:00:00,145,241.81,False,449.06,241.81,96.81,10,1.0,2025-09
430,369,178,5,Brand Builder,Branding/headshots,2024-06-10,2024-09-20,completed,904.07,Instagram,2024-05-28,2024-05-29 05:00:00,210,904.07,True,0.0,904.07,694.07,13,29.0,2024-06
431,1014,863,5,Brand Builder,Branding/headshots,2025-10-28,2025-11-25,completed,849.61,Local Event,2025-10-08,2025-10-09 20:00:00,210,297.37,True,552.24,297.37,87.37,20,44.0,2025-10
432,349,664,6,Wedding Collection,Weddings,2025-05-15,2025-05-24,cancelled,2920.46,Instagram,2025-05-13,2025-05-14 14:00:00,1150,2920.46,False,0.0,2920.46,1770.46,2,38.0,2025-05
433,1341,418,2,Essential Portrait,Maternity,2025-11-16,2026-02-22,completed,434.21,Google Search,2025-11-14,2025-11-15 21:00:00,110,217.1,True,217.10999999999999,217.1,107.1,2,45.0,2025-11
434,480,960,6,Wedding Collection,Weddings,2025-02-23,2025-03-12,cancelled,2909.95,Instagram,2025-02-22,2025-02-22 07:00:00,1150,2909.95,False,0.0,2909.95,1759.9499999999998,1,7.0,2025-02
435,974,569,2,Essential Portrait,Maternity,2025-02-19,2025-02-27,completed,449.21,Repeat Client,2025-02-10,2025-02-12 05:00:00,110,449.21,True,0.0,449.21,339.21,9,53.0,2025-02
436,462,934,2,Essential Portrait,Newborn,2024-04-14,2024-06-11,completed,497.57,Facebook,2024-03-22,2024-03-25 00:00:00,110,497.57,True,0.0,497.57,387.57,23,72.0,2024-04
437,999,18,6,Wedding Collection,Weddings,2025-08-12,2025-10-12,rescheduled,3406.39,Google Search,2025-07-27,2025-07-27 22:00:00,1150,1192.23,False,2214.16,1192.23,42.23000000000002,16,22.0,2025-08
438,444,1087,5,Brand Builder,Branding/headshots,2025-05-02,2025-06-25,completed,843.26,Google Search,2025-04-28,2025-04-29 01:00:00,210,843.26,True,0.0,843.26,633.26,4,25.0,2025-05
439,1015,48,2,Essential Portrait,Family portraits,2024-02-08,2024-05-12,completed,451.32,Instagram,2024-01-26,2024-01-27 00:00:00,110,451.32,True,0.0,451.32,341.32,13,24.0,2024-02
440,913,1177,1,Mini Moment,Mini sessions,2025-10-21,2026-01-13,completed,213.82,Referral,2025-10-01,2025-10-03 02:00:00,55,106.91,True,106.91,106.91,51.91,20,50.0,2025-10
441,1453,438,4,Milestone,Graduation,2025-06-17,2025-07-10,completed,529.07,Repeat Client,2025-06-14,2025-06-14 21:00:00,120,529.07,True,0.0,529.07,409.07000000000005,3,21.0,2025-06
442,1619,785,1,Mini Moment,Mini sessions,2025-02-08,2025-02-15,completed,226.15,Wedding Vendor,2025-02-01,2025-02-02 09:00:00,55,226.15,True,0.0,226.15,171.15,7,33.0,2025-02
443,986,1120,2,Essential Portrait,Maternity,2025-11-13,2026-02-23,confirmed,432.36,Referral,2025-11-12,2025-11-12 15:00:00,110,432.36,False,0.0,432.36,322.36,1,15.0,2025-11
444,195,112,1,Mini Moment,Mini sessions,2025-12-21,2026-04-06,rescheduled,238.99,Wedding Vendor,2025-12-16,2025-12-18 23:00:00,55,238.99,False,0.0,238.99,183.99,5,71.0,2025-12
445,855,724,6,Wedding Collection,Weddings,2024-04-15,2024-06-27,completed,3058.46,Google Search,2024-03-26,2024-03-28 08:00:00,1150,3058.46,True,0.0,3058.46,1908.46,20,56.0,2024-04
446,1338,586,2,Essential Portrait,Family portraits,2024-06-13,2024-08-15,confirmed,490.72,Facebook,2024-06-02,2024-06-05 00:00:00,110,490.72,False,0.0,490.72,380.72,11,72.0,2024-06
447,818,1027,2,Essential Portrait,Newborn,2024-12-09,2025-02-27,confirmed,470.12,Referral,2024-11-22,2024-11-23 03:00:00,110,235.06,False,235.06,235.06,125.06,17,27.0,2024-12
448,1006,417,2,Essential Portrait,Family portraits,2025-12-26,2026-02-03,completed,508.07,Instagram,2025-12-16,2025-12-16 12:00:00,110,0.0,True,508.07,0.0,-110.0,10,12.0,2025-12
449,1582,1181,2,Essential Portrait,Family portraits,2024-06-19,2024-08-17,completed,431.93,Google Search,2024-06-15,2024-06-16 10:00:00,110,431.93,True,0.0,431.93,321.93,4,34.0,2024-06
450,1266,225,2,Essential Portrait,Newborn,2025-03-24,2025-05-13,confirmed,430.43,Wedding Vendor,2025-03-05,2025-03-05 22:00:00,110,430.43,False,0.0,430.43,320.43,19,22.0,2025-03
451,197,71,5,Brand Builder,Branding/headshots,2025-07-21,2025-10-12,completed,832.7,Wedding Vendor,2025-07-18,2025-07-19 05:00:00,210,832.7,True,0.0,832.7,622.7,3,29.0,2025-07
452,1588,448,2,Essential Portrait,Newborn,2025-09-21,2025-10-25,completed,499.12,Repeat Client,2025-09-05,2025-09-05 07:00:00,110,499.12,True,0.0,499.12,389.12,16,7.0,2025-09
453,1106,794,3,Signature Story,Couples,2025-07-08,2025-07-21,completed,635.78,Google Search,2025-06-21,2025-06-21 21:00:00,145,635.78,True,0.0,635.78,490.78,17,21.0,2025-07
454,1161,1190,1,Mini Moment,Mini sessions,2025-12-11,2026-03-22,completed,238.21,Instagram,2025-11-29,2025-12-01 15:00:00,55,238.21,True,0.0,238.21,183.21,12,63.0,2025-12
455,934,643,6,Wedding Collection,Weddings,2025-07-02,2025-08-26,completed,3003.07,Local Event,2025-06-29,2025-06-29 15:00:00,1150,3003.07,True,0.0,3003.07,1853.0700000000002,3,15.0,2025-07
456,516,762,1,Mini Moment,Mini sessions,2025-12-22,2025-12-29,completed,224.82,Instagram,2025-12-16,2025-12-18 05:00:00,55,224.82,True,0.0,224.82,169.82,6,53.0,2025-12
457,1312,73,2,Essential Portrait,Newborn,2025-09-10,2025-10-22,completed,444.86,Instagram,2025-08-29,2025-08-29 02:00:00,110,444.86,True,0.0,444.86,334.86,12,2.0,2025-09
458,773,598,5,Brand Builder,Branding/headshots,2025-12-06,2026-02-08,cancelled,898.62,Referral,2025-11-17,2025-11-19 08:00:00,210,449.31,False,449.31,449.31,239.31,19,56.0,2025-12
459,763,92,1,Mini Moment,Mini sessions,2024-11-23,2025-01-11,completed,229.4,Instagram,2024-11-04,2024-11-05 02:00:00,55,229.4,True,0.0,229.4,174.4,19,26.0,2024-11
460,442,984,3,Signature Story,Couples,2024-06-08,2024-08-07,completed,688.38,Facebook,2024-06-04,2024-06-04 11:00:00,145,688.38,True,0.0,688.38,543.38,4,11.0,2024-06
461,1447,717,2,Essential Portrait,Newborn,2025-02-05,2025-05-14,completed,460.66,Referral,2025-01-30,2025-01-30 05:00:00,110,0.0,True,460.66,0.0,-110.0,6,5.0,2025-02
462,595,390,3,Signature Story,Couples,2024-05-28,2024-07-24,rescheduled,625.12,Google Search,2024-05-09,2024-05-09 05:00:00,145,625.12,False,0.0,625.12,480.12,19,5.0,2024-05
463,1404,1162,2,Essential Portrait,Maternity,2024-09-25,2025-01-11,completed,451.41,Instagram,2024-09-13,2024-09-15 07:00:00,110,157.99,True,293.42,157.99,47.99000000000001,12,55.0,2024-09
464,1002,741,4,Milestone,Graduation,2024-04-15,2024-05-10,cancelled,511.61,Paid Advertisement,2024-04-13,2024-04-13 09:00:00,120,0.0,False,511.61,0.0,-120.0,2,9.0,2024-04
465,1044,1096,1,Mini Moment,Mini sessions,2024-04-08,2024-05-05,rescheduled,215.34,Facebook,2024-03-22,2024-03-23 13:00:00,55,215.34,False,0.0,215.34,160.34,17,37.0,2024-04
466,1025,245,6,Wedding Collection,Weddings,2024-01-14,2024-04-16,completed,2973.43,Instagram,2024-01-01,2024-01-01 12:00:00,1150,1040.7,True,1932.7299999999998,1040.7,-109.29999999999995,13,12.0,2024-01
467,980,1049,5,Brand Builder,Branding/headshots,2024-10-05,2024-10-16,completed,828.8,Wedding Vendor,2024-09-15,2024-09-16 16:00:00,210,414.4,True,414.4,414.4,204.39999999999998,20,40.0,2024-10
468,583,951,2,Essential Portrait,Family portraits,2025-11-04,2025-11-17,rescheduled,509.41,Instagram,2025-10-27,2025-10-27 13:00:00,110,509.41,False,0.0,509.41,399.41,8,13.0,2025-11
469,618,714,2,Essential Portrait,Family portraits,2025-01-02,2025-02-26,cancelled,487.88,Instagram,2024-12-22,2024-12-24 00:00:00,110,243.94,False,243.94,243.94,133.94,11,48.0,2025-01
470,1181,250,2,Essential Portrait,Family portraits,2024-09-10,2024-09-28,rescheduled,496.96,Google Search,2024-09-08,2024-09-11 00:00:00,110,496.96,False,0.0,496.96,386.96,2,72.0,2024-09
471,1660,869,5,Brand Builder,Branding/headshots,2024-12-21,2025-02-22,completed,809.76,Google Search,2024-12-18,2024-12-20 01:00:00,210,283.42,True,526.3399999999999,283.42,73.42000000000002,3,49.0,2024-12
472,1790,154,1,Mini Moment,Mini sessions,2025-01-12,2025-03-31,completed,235.96,Paid Advertisement,2024-12-19,2024-12-20 15:00:00,55,235.96,True,0.0,235.96,180.96,24,39.0,2025-01
473,490,553,5,Brand Builder,Branding/headshots,2025-04-13,2025-04-28,completed,882.63,Referral,2025-03-22,2025-03-22 22:00:00,210,882.63,True,0.0,882.63,672.63,22,22.0,2025-04
474,1443,581,2,Essential Portrait,Newborn,2024-09-25,2025-01-08,completed,486.44,Wedding Vendor,2024-09-16,2024-09-18 03:00:00,110,0.0,True,486.44,0.0,-110.0,9,51.0,2024-09
475,1597,15,5,Brand Builder,Branding/headshots,2025-10-22,2026-01-31,completed,855.75,Facebook,2025-10-11,2025-10-12 21:00:00,210,0.0,True,855.75,0.0,-210.0,11,45.0,2025-10
476,1304,803,4,Milestone,Graduation,2024-11-13,2025-01-08,completed,544.01,Instagram,2024-11-04,2024-11-06 09:00:00,120,544.01,True,0.0,544.01,424.01,9,57.0,2024-11
477,144,572,1,Mini Moment,Mini sessions,2025-10-19,2026-02-06,completed,213.82,Local Event,2025-10-06,2025-10-06 23:00:00,55,106.91,True,106.91,106.91,51.91,13,23.0,2025-10
478,458,1170,5,Brand Builder,Branding/headshots,2025-09-17,2025-11-13,completed,811.36,Google Search,2025-09-15,2025-09-17 08:00:00,210,811.36,True,0.0,811.36,601.36,2,56.0,2025-09
479,691,203,4,Milestone,Graduation,2025-12-29,2026-03-29,confirmed,508.34,Local Event,2025-12-12,2025-12-13 22:00:00,120,508.34,False,0.0,508.34,388.34,17,46.0,2025-12
480,393,1170,1,Mini Moment,Mini sessions,2025-11-09,2026-02-07,completed,228.11,Wedding Vendor,2025-10-19,2025-10-19 21:00:00,55,228.11,True,0.0,228.11,173.11,21,21.0,2025-11
481,738,850,1,Mini Moment,Mini sessions,2024-03-03,2024-05-11,completed,227.67,Google Search,2024-03-02,2024-03-04 20:00:00,55,227.67,True,0.0,227.67,172.67,1,68.0,2024-03
482,127,758,5,Brand Builder,Branding/headshots,2025-02-16,2025-05-06,confirmed,796.53,Facebook,2025-02-15,2025-02-15 08:00:00,210,796.53,False,0.0,796.53,586.53,1,8.0,2025-02
483,784,63,5,Brand Builder,Branding/headshots,2024-06-15,2024-08-15,completed,837.2,Repeat Client,2024-06-07,2024-06-08 17:00:00,210,293.02,True,544.1800000000001,293.02,83.01999999999998,8,41.0,2024-06
484,1760,513,2,Essential Portrait,Newborn,2024-09-04,2024-12-10,completed,480.56,Wedding Vendor,2024-08-31,2024-09-01 09:00:00,110,480.56,True,0.0,480.56,370.56,4,33.0,2024-09
485,1605,639,2,Essential Portrait,Maternity,2025-05-27,2025-07-23,completed,452.55,Local Event,2025-05-09,2025-05-10 22:00:00,110,452.55,True,0.0,452.55,342.55,18,46.0,2025-05
486,1481,1035,2,Essential Portrait,Family portraits,2024-06-13,2024-08-13,completed,442.69,Google Search,2024-06-01,2024-06-02 19:00:00,110,442.69,True,0.0,442.69,332.69,12,43.0,2024-06
487,937,955,3,Signature Story,Couples,2025-01-23,2025-03-25,completed,643.54,Instagram,2025-01-07,2025-01-08 11:00:00,145,643.54,True,0.0,643.54,498.53999999999996,16,35.0,2025-01
488,1218,807,2,Essential Portrait,Maternity,2024-09-18,2024-11-07,completed,431.24,Referral,2024-08-27,2024-08-28 23:00:00,110,431.24,True,0.0,431.24,321.24,22,47.0,2024-09
489,1084,1020,4,Milestone,Graduation,2025-02-10,2025-04-28,completed,494.55,Referral,2025-01-18,2025-01-19 04:00:00,120,494.55,True,0.0,494.55,374.55,23,28.0,2025-02
490,1595,792,6,Wedding Collection,Weddings,2025-11-23,2026-01-29,completed,3114.61,Facebook,2025-11-04,2025-11-05 22:00:00,1150,3114.61,True,0.0,3114.61,1964.6100000000001,19,46.0,2025-11
491,1298,137,3,Signature Story,Couples,2024-09-20,2025-01-04,completed,586.34,Referral,2024-09-04,2024-09-06 18:00:00,145,586.34,True,0.0,586.34,441.34000000000003,16,66.0,2024-09
492,765,610,6,Wedding Collection,Weddings,2025-12-10,2026-03-16,completed,3410.03,Referral,2025-11-16,2025-11-16 09:00:00,1150,3410.03,True,0.0,3410.03,2260.03,24,9.0,2025-12
493,801,637,1,Mini Moment,Mini sessions,2025-11-28,2025-12-24,completed,235.23,Instagram,2025-11-23,2025-11-23 02:00:00,55,235.23,True,0.0,235.23,180.23,5,2.0,2025-11
494,1777,37,3,Signature Story,Couples,2024-07-08,2024-09-18,completed,683.93,Local Event,2024-07-05,2024-07-06 18:00:00,145,683.93,True,0.0,683.93,538.93,3,42.0,2024-07
495,224,17,3,Signature Story,Couples,2025-09-23,2026-01-20,completed,645.93,Instagram,2025-09-22,2025-09-22 16:00:00,145,645.93,True,0.0,645.93,500.92999999999995,1,16.0,2025-09
496,663,227,4,Milestone,Graduation,2026-01-04,2026-02-02,completed,518.27,Paid Advertisement,2025-12-19,2025-12-19 22:00:00,120,518.27,True,0.0,518.27,398.27,16,22.0,2026-01
497,1771,308,4,Milestone,Graduation,2024-03-07,2024-06-19,completed,500.86,Facebook,2024-03-02,2024-03-04 21:00:00,120,500.86,True,0.0,500.86,380.86,5,69.0,2024-03
498,1194,1131,2,Essential Portrait,Newborn,2025-06-16,2025-08-06,completed,455.73,Paid Advertisement,2025-06-04,2025-06-05 22:00:00,110,455.73,True,0.0,455.73,345.73,12,46.0,2025-06
499,448,561,4,Milestone,Graduation,2024-07-13,2024-10-01,completed,553.75,Paid Advertisement,2024-06-25,2024-06-25 10:00:00,120,553.75,True,0.0,553.75,433.75,18,10.0,2024-07
500,666,738,6,Wedding Collection,Weddings,2024-09-23,2024-11-21,rescheduled,2892.79,Local Event,2024-08-31,2024-08-31 11:00:00,1150,1446.39,False,1446.3999999999999,1446.39,296.3900000000001,23,11.0,2024-09
501,20,570,4,Milestone,Graduation,2025-08-21,2025-12-18,completed,485.84,Instagram,2025-07-30,2025-08-01 13:00:00,120,485.84,True,0.0,485.84,365.84,22,61.0,2025-08
502,190,26,6,Wedding Collection,Weddings,2025-09-04,2025-12-16,cancelled,2895.48,Referral,2025-08-30,2025-08-31 13:00:00,1150,2895.48,False,0.0,2895.48,1745.48,5,37.0,2025-09
503,634,925,3,Signature Story,Couples,2024-10-07,2024-12-09,completed,629.1,Instagram,2024-09-29,2024-09-30 11:00:00,145,629.1,True,0.0,629.1,484.1,8,35.0,2024-10
504,1725,859,2,Essential Portrait,Newborn,2025-03-09,2025-03-16,completed,492.09,Referral,2025-02-28,2025-03-01 20:00:00,110,492.09,True,0.0,492.09,382.09,9,44.0,2025-03
505,761,158,1,Mini Moment,Mini sessions,2025-02-17,2025-04-30,rescheduled,228.36,Referral,2025-02-15,2025-02-16 00:00:00,55,228.36,False,0.0,228.36,173.36,2,24.0,2025-02
506,1091,676,1,Mini Moment,Mini sessions,2025-03-20,2025-04-19,completed,237.84,Paid Advertisement,2025-03-17,2025-03-17 04:00:00,55,118.92,True,118.92,118.92,63.92,3,4.0,2025-03
507,233,1185,2,Essential Portrait,Family portraits,2025-11-04,2026-01-02,completed,435.85,Repeat Client,2025-10-11,2025-10-13 22:00:00,110,217.93,True,217.92000000000002,217.93,107.93,24,70.0,2025-11
508,890,986,1,Mini Moment,Mini sessions,2025-07-26,2025-09-20,completed,214.46,Google Search,2025-07-22,2025-07-22 21:00:00,55,0.0,True,214.46,0.0,-55.0,4,21.0,2025-07
509,253,1065,2,Essential Portrait,Family portraits,2025-09-28,2025-10-20,completed,476.45,Instagram,2025-09-23,2025-09-24 12:00:00,110,0.0,True,476.45,0.0,-110.0,5,36.0,2025-09
510,1296,930,2,Essential Portrait,Maternity,2024-04-02,2024-05-21,completed,481.72,Instagram,2024-04-01,2024-04-03 00:00:00,110,481.72,True,0.0,481.72,371.72,1,48.0,2024-04
511,1787,138,2,Essential Portrait,Family portraits,2025-11-19,2026-01-02,completed,447.12,Facebook,2025-11-07,2025-11-09 13:00:00,110,447.12,True,0.0,447.12,337.12,12,61.0,2025-11
512,174,1058,2,Essential Portrait,Newborn,2024-04-12,2024-06-09,completed,449.88,Referral,2024-03-29,2024-03-31 09:00:00,110,157.46,True,292.41999999999996,157.46,47.46000000000001,14,57.0,2024-04
513,206,323,2,Essential Portrait,Maternity,2025-01-23,2025-02-04,completed,510.04,Wedding Vendor,2025-01-20,2025-01-20 22:00:00,110,510.04,True,0.0,510.04,400.04,3,22.0,2025-01
514,520,631,6,Wedding Collection,Weddings,2025-10-27,2025-11-27,completed,3301.82,Wedding Vendor,2025-10-23,2025-10-23 18:00:00,1150,3301.82,True,0.0,3301.82,2151.82,4,18.0,2025-10
515,1256,1110,1,Mini Moment,Mini sessions,2024-03-08,2024-06-10,rescheduled,206.16,Instagram,2024-02-19,2024-02-21 20:00:00,55,206.16,False,0.0,206.16,151.16,18,68.0,2024-03
516,1631,369,6,Wedding Collection,Weddings,2024-11-30,2025-03-20,completed,2957.89,Google Search,2024-11-23,2024-11-25 22:00:00,1150,1035.26,True,1922.6299999999999,1035.26,-114.74000000000001,7,70.0,2024-11
517,1319,207,6,Wedding Collection,Weddings,2025-07-16,2025-08-18,rescheduled,3038.5,Paid Advertisement,2025-06-26,2025-06-27 13:00:00,1150,1519.25,False,1519.25,1519.25,369.25,20,37.0,2025-07
518,1250,260,5,Brand Builder,Branding/headshots,2025-08-10,2025-09-06,completed,896.72,Facebook,2025-07-31,2025-08-02 06:00:00,210,448.36,True,448.36,448.36,238.36,10,54.0,2025-08
519,313,627,6,Wedding Collection,Weddings,2025-04-03,2025-06-13,completed,3256.02,Referral,2025-03-22,2025-03-22 19:00:00,1150,3256.02,True,0.0,3256.02,2106.02,12,19.0,2025-04
520,674,1166,4,Milestone,Graduation,2024-05-08,2024-06-19,completed,492.81,Google Search,2024-05-04,2024-05-06 07:00:00,120,172.48,True,320.33000000000004,172.48,52.47999999999999,4,55.0,2024-05
521,348,1184,1,Mini Moment,Mini sessions,2025-11-12,2025-11-30,completed,222.28,Facebook,2025-11-07,2025-11-07 13:00:00,55,222.28,True,0.0,222.28,167.28,5,13.0,2025-11
522,1330,1177,4,Milestone,Graduation,2024-05-21,2024-06-29,rescheduled,479.46,Paid Advertisement,2024-05-14,2024-05-16 15:00:00,120,167.81,False,311.65,167.81,47.81,7,63.0,2024-05
523,1550,139,2,Essential Portrait,Family portraits,2024-12-03,2025-02-07,completed,458.85,Facebook,2024-11-29,2024-12-01 23:00:00,110,458.85,True,0.0,458.85,348.85,4,71.0,2024-12
524,191,198,1,Mini Moment,Mini sessions,2025-07-25,2025-10-13,completed,239.03,Referral,2025-07-06,2025-07-07 05:00:00,55,239.03,True,0.0,239.03,184.03,19,29.0,2025-07
525,1355,875,2,Essential Portrait,Family portraits,2025-09-14,2025-12-30,completed,512.81,Wedding Vendor,2025-09-04,2025-09-06 16:00:00,110,512.81,True,0.0,512.81,402.80999999999995,10,64.0,2025-09
526,755,65,4,Milestone,Graduation,2025-05-10,2025-06-24,completed,505.82,Instagram,2025-04-20,2025-04-20 07:00:00,120,505.82,True,0.0,505.82,385.82,20,7.0,2025-05
527,1448,159,2,Essential Portrait,Family portraits,2025-12-18,2026-03-23,completed,497.83,Instagram,2025-12-17,2025-12-19 19:00:00,110,497.83,True,0.0,497.83,387.83,1,67.0,2025-12
528,361,842,5,Brand Builder,Branding/headshots,2025-01-27,2025-05-07,completed,771.07,Instagram,2025-01-26,2025-01-28 14:00:00,210,771.07,True,0.0,771.07,561.07,1,62.0,2025-01
529,1072,227,2,Essential Portrait,Maternity,2024-10-07,2024-12-09,completed,449.21,Referral,2024-09-17,2024-09-19 06:00:00,110,157.22,True,291.99,157.22,47.22,20,54.0,2024-10
530,1275,955,4,Milestone,Graduation,2024-10-02,2024-10-09,completed,524.53,Paid Advertisement,2024-09-30,2024-10-01 16:00:00,120,524.53,True,0.0,524.53,404.53,2,40.0,2024-10
531,1185,169,3,Signature Story,Couples,2024-06-04,2024-07-03,completed,687.02,Referral,2024-05-23,2024-05-25 08:00:00,145,687.02,True,0.0,687.02,542.02,12,56.0,2024-06
532,41,919,6,Wedding Collection,Weddings,2024-09-30,2024-12-16,completed,2969.77,Facebook,2024-09-23,2024-09-25 02:00:00,1150,2969.77,True,0.0,2969.77,1819.77,7,50.0,2024-09
533,615,951,4,Milestone,Graduation,2025-11-07,2026-01-06,rescheduled,542.08,Paid Advertisement,2025-10-21,2025-10-23 02:00:00,120,542.08,False,0.0,542.08,422.08000000000004,17,50.0,2025-11
534,1452,831,1,Mini Moment,Mini sessions,2025-03-27,2025-04-12,completed,227.26,Google Search,2025-03-16,2025-03-18 09:00:00,55,113.63,True,113.63,113.63,58.629999999999995,11,57.0,2025-03
535,796,1150,2,Essential Portrait,Maternity,2025-12-18,2026-03-10,completed,455.18,Referral,2025-12-16,2025-12-18 00:00:00,110,455.18,True,0.0,455.18,345.18,2,48.0,2025-12
536,181,28,1,Mini Moment,Mini sessions,2025-06-06,2025-07-22,rescheduled,224.36,Instagram,2025-05-22,2025-05-22 08:00:00,55,224.36,False,0.0,224.36,169.36,15,8.0,2025-06
537,1485,592,1,Mini Moment,Mini sessions,2025-01-28,2025-05-26,confirmed,232.29,Wedding Vendor,2025-01-14,2025-01-15 03:00:00,55,232.29,False,0.0,232.29,177.29,14,27.0,2025-01
538,630,19,5,Brand Builder,Branding/headshots,2025-06-05,2025-09-22,completed,917.26,Local Event,2025-05-17,2025-05-19 12:00:00,210,917.26,True,0.0,917.26,707.26,19,60.0,2025-06
539,1034,289,4,Milestone,Graduation,2024-10-24,2024-12-16,completed,538.5,Instagram,2024-10-16,2024-10-17 14:00:00,120,538.5,True,0.0,538.5,418.5,8,38.0,2024-10
540,963,578,2,Essential Portrait,Newborn,2025-04-28,2025-08-10,completed,437.16,Referral,2025-04-25,2025-04-26 04:00:00,110,153.01,True,284.15000000000003,153.01,43.00999999999999,3,28.0,2025-04
541,1686,271,2,Essential Portrait,Family portraits,2024-10-16,2025-02-07,completed,440.75,Instagram,2024-10-12,2024-10-12 18:00:00,110,440.75,True,0.0,440.75,330.75,4,18.0,2024-10
542,494,1181,1,Mini Moment,Mini sessions,2024-03-29,2024-05-01,completed,240.49,Referral,2024-03-21,2024-03-23 08:00:00,55,240.49,True,0.0,240.49,185.49,8,56.0,2024-03
543,989,606,4,Milestone,Graduation,2025-05-24,2025-08-12,completed,489.07,Google Search,2025-05-18,2025-05-18 14:00:00,120,489.07,True,0.0,489.07,369.07,6,14.0,2025-05
544,1220,82,2,Essential Portrait,Newborn,2025-09-07,2025-10-26,rescheduled,427.91,Wedding Vendor,2025-08-26,2025-08-26 01:00:00,110,427.91,False,0.0,427.91,317.91,12,1.0,2025-09
545,1451,290,5,Brand Builder,Branding/headshots,2025-05-14,2025-07-17,completed,806.7,Referral,2025-04-23,2025-04-24 04:00:00,210,806.7,True,0.0,806.7,596.7,21,28.0,2025-05
546,1399,998,5,Brand Builder,Branding/headshots,2024-04-11,2024-06-28,completed,796.68,Facebook,2024-03-26,2024-03-28 23:00:00,210,398.34,True,398.34,398.34,188.33999999999997,16,71.0,2024-04
547,707,260,2,Essential Portrait,Family portraits,2025-10-22,2026-01-05,completed,471.34,Referral,2025-10-18,2025-10-19 04:00:00,110,471.34,True,0.0,471.34,361.34,4,28.0,2025-10
548,399,594,2,Essential Portrait,Family portraits,2024-01-27,2024-03-02,completed,428.83,Referral,2024-01-10,2024-01-10 02:00:00,110,428.83,True,0.0,428.83,318.83,17,2.0,2024-01
549,1150,431,2,Essential Portrait,Newborn,2025-05-09,2025-06-22,completed,467.37,Referral,2025-04-17,2025-04-18 18:00:00,110,467.37,True,0.0,467.37,357.37,22,42.0,2025-05
550,279,906,3,Signature Story,Couples,2024-06-21,2024-10-09,completed,610.97,Referral,2024-06-13,2024-06-14 03:00:00,145,610.97,True,0.0,610.97,465.97,8,27.0,2024-06
551,958,581,2,Essential Portrait,Family portraits,2025-12-24,2026-01-23,completed,474.35,Repeat Client,2025-11-30,2025-11-30 09:00:00,110,474.35,True,0.0,474.35,364.35,24,9.0,2025-12
552,283,689,2,Essential Portrait,Family portraits,2024-06-10,2024-08-24,completed,477.75,Referral,2024-05-18,2024-05-20 20:00:00,110,477.75,True,0.0,477.75,367.75,23,68.0,2024-06
553,780,919,1,Mini Moment,Mini sessions,2025-10-22,2025-12-13,completed,221.71,Google Search,2025-10-15,2025-10-18 00:00:00,55,221.71,True,0.0,221.71,166.71,7,72.0,2025-10
554,496,397,4,Milestone,Graduation,2024-11-28,2024-12-23,rescheduled,479.5,Repeat Client,2024-11-27,2024-11-27 01:00:00,120,479.5,False,0.0,479.5,359.5,1,1.0,2024-11
555,931,855,2,Essential Portrait,Family portraits,2024-12-30,2025-02-01,completed,465.81,Google Search,2024-12-13,2024-12-13 09:00:00,110,465.81,True,0.0,465.81,355.81,17,9.0,2024-12
556,1583,333,5,Brand Builder,Branding/headshots,2025-07-26,2025-10-05,completed,895.06,Facebook,2025-07-07,2025-07-09 08:00:00,210,0.0,True,895.06,0.0,-210.0,19,56.0,2025-07
557,546,886,2,Essential Portrait,Family portraits,2024-10-22,2024-10-31,confirmed,480.96,Referral,2024-10-19,2024-10-20 02:00:00,110,480.96,False,0.0,480.96,370.96,3,26.0,2024-10
558,588,531,6,Wedding Collection,Weddings,2024-06-02,2024-07-30,completed,2898.95,Google Search,2024-05-18,2024-05-18 22:00:00,1150,2898.95,True,0.0,2898.95,1748.9499999999998,15,22.0,2024-06
559,360,168,2,Essential Portrait,Family portraits,2024-11-17,2025-03-03,completed,482.68,Facebook,2024-10-29,2024-10-31 18:00:00,110,482.68,True,0.0,482.68,372.68,19,66.0,2024-11
560,170,770,1,Mini Moment,Mini sessions,2025-09-23,2025-12-23,cancelled,203.31,Paid Advertisement,2025-08-31,2025-08-31 18:00:00,55,71.16,False,132.15,71.16,16.159999999999997,23,18.0,2025-09
561,1574,604,6,Wedding Collection,Weddings,2024-06-28,2024-09-29,cancelled,3286.36,Wedding Vendor,2024-06-08,2024-06-08 09:00:00,1150,3286.36,False,0.0,3286.36,2136.36,20,9.0,2024-06
562,1000,534,5,Brand Builder,Branding/headshots,2025-05-06,2025-08-09,completed,842.14,Instagram,2025-04-12,2025-04-12 08:00:00,210,294.75,True,547.39,294.75,84.75,24,8.0,2025-05
563,1714,745,2,Essential Portrait,Newborn,2024-11-15,2025-01-22,confirmed,490.41,Google Search,2024-11-02,2024-11-02 13:00:00,110,490.41,False,0.0,490.41,380.41,13,13.0,2024-11
564,1368,483,1,Mini Moment,Mini sessions,2025-11-11,2026-02-23,completed,232.32,Facebook,2025-11-06,2025-11-07 17:00:00,55,232.32,True,0.0,232.32,177.32,5,41.0,2025-11
565,597,1199,4,Milestone,Graduation,2025-06-04,2025-09-14,confirmed,548.47,Repeat Client,2025-05-11,2025-05-12 01:00:00,120,548.47,False,0.0,548.47,428.47,24,25.0,2025-06
566,1695,512,4,Milestone,Graduation,2024-08-25,2024-10-19,confirmed,519.08,Wedding Vendor,2024-08-15,2024-08-15 09:00:00,120,519.08,False,0.0,519.08,399.08000000000004,10,9.0,2024-08
567,147,801,5,Brand Builder,Branding/headshots,2025-02-19,2025-03-31,completed,836.52,Instagram,2025-01-29,2025-01-29 17:00:00,210,836.52,True,0.0,836.52,626.52,21,17.0,2025-02
568,1657,693,5,Brand Builder,Branding/headshots,2025-11-26,2026-03-23,cancelled,779.85,Referral,2025-11-14,2025-11-15 17:00:00,210,779.85,False,0.0,779.85,569.85,12,41.0,2025-11
569,1359,581,4,Milestone,Graduation,2025-05-08,2025-07-22,completed,510.0,Facebook,2025-05-05,2025-05-05 08:00:00,120,255.0,True,255.0,255.0,135.0,3,8.0,2025-05
570,652,203,2,Essential Portrait,Family portraits,2025-11-18,2025-12-16,cancelled,429.84,Facebook,2025-11-07,2025-11-08 10:00:00,110,214.92,False,214.92,214.92,104.91999999999999,11,34.0,2025-11
571,308,408,5,Brand Builder,Branding/headshots,2024-04-15,2024-07-27,completed,846.92,Paid Advertisement,2024-04-04,2024-04-05 07:00:00,210,846.92,True,0.0,846.92,636.92,11,31.0,2024-04
572,1791,723,2,Essential Portrait,Family portraits,2025-03-03,2025-04-26,confirmed,484.0,Referral,2025-02-14,2025-02-15 16:00:00,110,484.0,False,0.0,484.0,374.0,17,40.0,2025-03
573,31,1113,5,Brand Builder,Branding/headshots,2024-02-27,2024-04-06,completed,857.54,Google Search,2024-02-06,2024-02-07 11:00:00,210,300.14,True,557.4,300.14,90.13999999999999,21,35.0,2024-02
574,742,409,6,Wedding Collection,Weddings,2024-12-21,2025-01-03,completed,3414.42,Facebook,2024-12-01,2024-12-02 15:00:00,1150,0.0,True,3414.42,0.0,-1150.0,20,39.0,2024-12
575,1678,173,5,Brand Builder,Branding/headshots,2025-06-05,2025-07-03,completed,808.61,Repeat Client,2025-06-02,2025-06-04 05:00:00,210,283.01,True,525.6,283.01,73.00999999999999,3,53.0,2025-06
576,1615,1010,5,Brand Builder,Branding/headshots,2024-10-02,2025-01-26,completed,842.45,Referral,2024-09-18,2024-09-19 06:00:00,210,842.45,True,0.0,842.45,632.45,14,30.0,2024-10
577,671,478,4,Milestone,Graduation,2024-03-28,2024-05-02,rescheduled,521.15,Local Event,2024-03-14,2024-03-16 05:00:00,120,0.0,False,521.15,0.0,-120.0,14,53.0,2024-03
578,1176,672,2,Essential Portrait,Family portraits,2024-04-23,2024-06-23,completed,461.76,Instagram,2024-04-01,2024-04-01 06:00:00,110,461.76,True,0.0,461.76,351.76,22,6.0,2024-04
579,567,849,3,Signature Story,Couples,2024-11-15,2025-01-25,completed,637.22,Facebook,2024-10-24,2024-10-25 17:00:00,145,637.22,True,0.0,637.22,492.22,22,41.0,2024-11
580,917,206,2,Essential Portrait,Family portraits,2025-04-19,2025-08-11,completed,440.64,Instagram,2025-04-06,2025-04-07 00:00:00,110,440.64,True,0.0,440.64,330.64,13,24.0,2025-04
581,469,399,6,Wedding Collection,Weddings,2024-10-16,2024-11-15,completed,3434.5,Google Search,2024-09-28,2024-09-28 15:00:00,1150,1202.08,True,2232.42,1202.08,52.07999999999993,18,15.0,2024-10
582,287,115,6,Wedding Collection,Weddings,2024-11-09,2025-02-02,completed,3275.89,Instagram,2024-10-24,2024-10-24 03:00:00,1150,3275.89,True,0.0,3275.89,2125.89,16,3.0,2024-11
583,1758,930,5,Brand Builder,Branding/headshots,2024-08-04,2024-10-09,confirmed,770.59,Google Search,2024-07-18,2024-07-18 13:00:00,210,770.59,False,0.0,770.59,560.59,17,13.0,2024-08
584,1480,979,4,Milestone,Graduation,2024-11-17,2024-12-08,completed,500.23,Referral,2024-11-12,2024-11-12 17:00:00,120,500.23,True,0.0,500.23,380.23,5,17.0,2024-11
585,70,1142,2,Essential Portrait,Newborn,2025-04-01,2025-06-24,completed,510.6,Google Search,2025-03-21,2025-03-21 12:00:00,110,510.6,True,0.0,510.6,400.6,11,12.0,2025-04
586,827,570,2,Essential Portrait,Newborn,2024-12-03,2025-03-08,completed,504.36,Referral,2024-11-17,2024-11-18 21:00:00,110,504.36,True,0.0,504.36,394.36,16,45.0,2024-12
587,311,422,2,Essential Portrait,Maternity,2024-10-27,2024-12-24,cancelled,480.65,Google Search,2024-10-15,2024-10-17 17:00:00,110,480.65,False,0.0,480.65,370.65,12,65.0,2024-10
588,1205,382,5,Brand Builder,Branding/headshots,2025-05-15,2025-06-25,completed,813.95,Google Search,2025-05-09,2025-05-09 23:00:00,210,813.95,True,0.0,813.95,603.95,6,23.0,2025-05
589,1470,80,2,Essential Portrait,Newborn,2024-06-14,2024-07-29,completed,480.46,Instagram,2024-05-26,2024-05-28 14:00:00,110,168.16,True,312.29999999999995,168.16,58.16,19,62.0,2024-06
590,680,830,6,Wedding Collection,Weddings,2025-10-05,2025-11-08,completed,2883.23,Instagram,2025-09-12,2025-09-14 23:00:00,1150,1009.13,True,1874.1,1009.13,-140.87,23,71.0,2025-10
591,823,415,6,Wedding Collection,Weddings,2025-05-19,2025-07-21,completed,3020.82,Repeat Client,2025-04-29,2025-04-30 02:00:00,1150,1510.41,True,1510.41,1510.41,360.4100000000001,20,26.0,2025-05
592,856,545,2,Essential Portrait,Newborn,2025-10-28,2026-01-31,completed,446.72,Referral,2025-10-27,2025-10-27 10:00:00,110,446.72,True,0.0,446.72,336.72,1,10.0,2025-10
593,1475,1198,3,Signature Story,Couples,2024-03-05,2024-05-12,cancelled,676.58,Repeat Client,2024-02-10,2024-02-12 03:00:00,145,676.58,False,0.0,676.58,531.58,24,51.0,2024-03
594,1350,327,2,Essential Portrait,Family portraits,2025-07-09,2025-09-05,completed,480.63,Google Search,2025-07-08,2025-07-08 01:00:00,110,480.63,True,0.0,480.63,370.63,1,1.0,2025-07
595,1531,33,3,Signature Story,Couples,2025-06-10,2025-09-22,completed,684.94,Instagram,2025-05-26,2025-05-27 14:00:00,145,684.94,True,0.0,684.94,539.94,15,38.0,2025-06
596,29,500,3,Signature Story,Couples,2025-05-22,2025-06-06,completed,649.72,Facebook,2025-05-21,2025-05-21 02:00:00,145,649.72,True,0.0,649.72,504.72,1,2.0,2025-05
597,165,314,2,Essential Portrait,Family portraits,2024-08-14,2024-09-04,completed,449.81,Google Search,2024-08-06,2024-08-06 18:00:00,110,0.0,True,449.81,0.0,-110.0,8,18.0,2024-08
598,757,861,2,Essential Portrait,Family portraits,2024-11-08,2025-01-23,cancelled,445.55,Repeat Client,2024-10-18,2024-10-20 20:00:00,110,0.0,False,445.55,0.0,-110.0,21,68.0,2024-11
599,1493,1033,1,Mini Moment,Mini sessions,2024-10-31,2025-01-08,completed,212.72,Instagram,2024-10-08,2024-10-10 23:00:00,55,212.72,True,0.0,212.72,157.72,23,71.0,2024-10
600,1741,421,3,Signature Story,Couples,2024-07-21,2024-08-21,completed,664.32,Referral,2024-07-18,2024-07-18 07:00:00,145,232.51,True,431.81000000000006,232.51,87.50999999999999,3,7.0,2024-07
601,873,659,5,Brand Builder,Branding/headshots,2024-12-12,2025-04-08,completed,851.81,Wedding Vendor,2024-11-26,2024-11-27 17:00:00,210,851.81,True,0.0,851.81,641.81,16,41.0,2024-12
602,488,447,2,Essential Portrait,Maternity,2025-01-11,2025-02-04,completed,484.88,Google Search,2024-12-23,2024-12-23 14:00:00,110,484.88,True,0.0,484.88,374.88,19,14.0,2025-01
603,1138,790,4,Milestone,Graduation,2024-09-09,2024-10-27,completed,473.67,Google Search,2024-08-19,2024-08-21 21:00:00,120,473.67,True,0.0,473.67,353.67,21,69.0,2024-09
604,177,1109,3,Signature Story,Couples,2025-03-03,2025-05-17,completed,610.56,Facebook,2025-02-24,2025-02-26 21:00:00,145,305.28,True,305.28,305.28,160.27999999999997,7,69.0,2025-03
605,1554,556,2,Essential Portrait,Family portraits,2024-04-02,2024-05-07,completed,502.39,Google Search,2024-03-21,2024-03-24 00:00:00,110,502.39,True,0.0,502.39,392.39,12,72.0,2024-04
606,1155,167,2,Essential Portrait,Newborn,2025-04-28,2025-05-23,completed,505.57,Google Search,2025-04-11,2025-04-13 06:00:00,110,0.0,True,505.57,0.0,-110.0,17,54.0,2025-04
607,388,223,2,Essential Portrait,Family portraits,2025-08-30,2025-10-10,completed,496.62,Facebook,2025-08-21,2025-08-23 20:00:00,110,248.31,True,248.31,248.31,138.31,9,68.0,2025-08
608,398,1018,5,Brand Builder,Branding/headshots,2025-01-05,2025-04-27,completed,909.8,Referral,2024-12-25,2024-12-27 11:00:00,210,909.8,True,0.0,909.8,699.8,11,59.0,2025-01
609,470,186,5,Brand Builder,Branding/headshots,2024-07-07,2024-09-21,completed,904.16,Paid Advertisement,2024-06-20,2024-06-20 22:00:00,210,904.16,True,0.0,904.16,694.16,17,22.0,2024-07
610,1020,494,1,Mini Moment,Mini sessions,2025-12-31,2026-04-05,completed,240.09,Wedding Vendor,2025-12-13,2025-12-13 21:00:00,55,120.05,True,120.04,120.05,65.05,18,21.0,2025-12
611,724,565,2,Essential Portrait,Newborn,2024-08-24,2024-10-26,completed,507.25,Google Search,2024-08-03,2024-08-04 20:00:00,110,253.63,True,253.62,253.63,143.63,21,44.0,2024-08
612,1759,520,3,Signature Story,Couples,2025-07-13,2025-08-05,completed,660.85,Instagram,2025-07-04,2025-07-05 08:00:00,145,660.85,True,0.0,660.85,515.85,9,32.0,2025-07
613,683,1123,1,Mini Moment,Mini sessions,2025-01-03,2025-01-28,rescheduled,208.47,Referral,2024-12-31,2025-01-02 07:00:00,55,208.47,False,0.0,208.47,153.47,3,55.0,2025-01
614,875,1153,3,Signature Story,Couples,2024-05-03,2024-05-19,completed,645.18,Facebook,2024-05-02,2024-05-02 17:00:00,145,645.18,True,0.0,645.18,500.17999999999995,1,17.0,2024-05
615,484,231,6,Wedding Collection,Weddings,2024-05-18,2024-06-02,completed,3412.42,Google Search,2024-04-28,2024-04-30 07:00:00,1150,1194.35,True,2218.07,1194.35,44.34999999999991,20,55.0,2024-05
616,509,595,2,Essential Portrait,Newborn,2025-10-18,2026-01-17,confirmed,442.12,Paid Advertisement,2025-10-03,2025-10-05 13:00:00,110,442.12,False,0.0,442.12,332.12,15,61.0,2025-10
617,80,571,5,Brand Builder,Branding/headshots,2024-12-26,2025-03-06,completed,813.82,Instagram,2024-12-25,2024-12-27 00:00:00,210,813.82,True,0.0,813.82,603.82,1,48.0,2024-12
618,1186,547,6,Wedding Collection,Weddings,2025-02-09,2025-05-17,completed,3098.93,Facebook,2025-02-05,2025-02-07 05:00:00,1150,3098.93,True,0.0,3098.93,1948.9299999999998,4,53.0,2025-02
619,483,626,2,Essential Portrait,Newborn,2025-02-05,2025-03-31,completed,502.41,Facebook,2025-02-03,2025-02-03 20:00:00,110,502.41,True,0.0,502.41,392.41,2,20.0,2025-02
620,450,499,2,Essential Portrait,Maternity,2024-08-17,2024-09-27,cancelled,480.06,Referral,2024-07-31,2024-08-01 17:00:00,110,480.06,False,0.0,480.06,370.06,17,41.0,2024-08
621,422,582,2,Essential Portrait,Family portraits,2024-04-19,2024-06-23,completed,487.03,Instagram,2024-03-26,2024-03-28 02:00:00,110,487.03,True,0.0,487.03,377.03,24,50.0,2024-04
622,1528,491,4,Milestone,Graduation,2025-10-12,2025-12-23,completed,473.71,Instagram,2025-09-22,2025-09-24 16:00:00,120,473.71,True,0.0,473.71,353.71,20,64.0,2025-10
623,1111,314,2,Essential Portrait,Newborn,2025-05-21,2025-07-02,completed,451.91,Local Event,2025-05-12,2025-05-14 07:00:00,110,451.91,True,0.0,451.91,341.91,9,55.0,2025-05
624,1512,315,5,Brand Builder,Branding/headshots,2024-10-10,2024-10-30,completed,843.79,Referral,2024-09-24,2024-09-25 12:00:00,210,843.79,True,0.0,843.79,633.79,16,36.0,2024-10
625,1049,262,4,Milestone,Graduation,2025-06-07,2025-09-23,completed,472.64,Facebook,2025-05-31,2025-05-31 23:00:00,120,472.64,True,0.0,472.64,352.64,7,23.0,2025-06
626,1247,758,1,Mini Moment,Mini sessions,2025-11-23,2026-03-23,rescheduled,226.14,Paid Advertisement,2025-10-30,2025-10-30 06:00:00,55,226.14,False,0.0,226.14,171.14,24,6.0,2025-11
627,1608,1006,6,Wedding Collection,Weddings,2024-04-25,2024-08-11,completed,3196.25,Instagram,2024-04-14,2024-04-16 00:00:00,1150,1118.69,True,2077.56,1118.69,-31.309999999999945,11,48.0,2024-04
628,87,535,5,Brand Builder,Branding/headshots,2025-12-10,2025-12-30,completed,867.86,Instagram,2025-11-20,2025-11-20 19:00:00,210,867.86,True,0.0,867.86,657.86,20,19.0,2025-12
629,430,849,3,Signature Story,Couples,2025-11-08,2026-02-20,completed,688.67,Instagram,2025-10-18,2025-10-18 02:00:00,145,688.67,True,0.0,688.67,543.67,21,2.0,2025-11
630,65,467,1,Mini Moment,Mini sessions,2024-12-30,2025-01-29,completed,225.53,Facebook,2024-12-08,2024-12-09 02:00:00,55,112.76,True,112.77,112.76,57.760000000000005,22,26.0,2024-12
631,1698,337,3,Signature Story,Couples,2024-10-11,2024-11-20,completed,642.8,Google Search,2024-09-29,2024-10-01 06:00:00,145,642.8,True,0.0,642.8,497.79999999999995,12,54.0,2024-10
632,734,544,4,Milestone,Graduation,2025-03-08,2025-05-23,completed,544.96,Referral,2025-02-23,2025-02-24 01:00:00,120,544.96,True,0.0,544.96,424.96000000000004,13,25.0,2025-03
633,387,50,4,Milestone,Graduation,2025-09-11,2025-12-14,completed,562.64,Paid Advertisement,2025-09-05,2025-09-06 15:00:00,120,562.64,True,0.0,562.64,442.64,6,39.0,2025-09
634,1229,362,2,Essential Portrait,Family portraits,2025-04-05,2025-07-14,completed,456.91,Instagram,2025-03-24,2025-03-24 11:00:00,110,159.92,True,296.99,159.92,49.91999999999999,12,11.0,2025-04
635,879,535,2,Essential Portrait,Maternity,2024-03-28,2024-04-17,completed,499.31,Instagram,2024-03-05,2024-03-07 18:00:00,110,499.31,True,0.0,499.31,389.31,23,66.0,2024-03
636,241,673,2,Essential Portrait,Newborn,2025-12-30,2026-03-02,completed,463.84,Instagram,2025-12-12,2025-12-12 11:00:00,110,463.84,True,0.0,463.84,353.84,18,11.0,2025-12
637,1548,194,6,Wedding Collection,Weddings,2024-09-30,2024-12-16,completed,2902.92,Google Search,2024-09-09,2024-09-09 07:00:00,1150,2902.92,True,0.0,2902.92,1752.92,21,7.0,2024-09
638,503,970,4,Milestone,Graduation,2024-05-11,2024-08-30,rescheduled,517.8,Instagram,2024-05-02,2024-05-04 06:00:00,120,517.8,False,0.0,517.8,397.79999999999995,9,54.0,2024-05
639,290,904,2,Essential Portrait,Family portraits,2024-09-16,2024-09-23,completed,464.68,Wedding Vendor,2024-08-29,2024-08-31 17:00:00,110,464.68,True,0.0,464.68,354.68,18,65.0,2024-09
640,297,315,6,Wedding Collection,Weddings,2024-11-07,2025-02-28,cancelled,3333.54,Instagram,2024-10-26,2024-10-27 06:00:00,1150,3333.54,False,0.0,3333.54,2183.54,12,30.0,2024-11
641,1674,995,1,Mini Moment,Mini sessions,2024-10-31,2024-12-01,completed,209.38,Google Search,2024-10-13,2024-10-14 04:00:00,55,209.38,True,0.0,209.38,154.38,18,28.0,2024-10
642,364,553,1,Mini Moment,Mini sessions,2024-08-08,2024-11-19,completed,222.85,Instagram,2024-08-02,2024-08-04 00:00:00,55,222.85,True,0.0,222.85,167.85,6,48.0,2024-08
643,111,1071,1,Mini Moment,Mini sessions,2024-11-26,2025-03-22,completed,235.69,Instagram,2024-11-09,2024-11-11 21:00:00,55,235.69,True,0.0,235.69,180.69,17,69.0,2024-11
644,553,240,2,Essential Portrait,Family portraits,2025-05-01,2025-06-21,cancelled,497.03,Instagram,2025-04-28,2025-04-29 00:00:00,110,497.03,False,0.0,497.03,387.03,3,24.0,2025-05
645,1412,574,5,Brand Builder,Branding/headshots,2024-05-21,2024-08-26,completed,829.55,Facebook,2024-05-10,2024-05-11 00:00:00,210,829.55,True,0.0,829.55,619.55,11,24.0,2024-05
646,830,1066,4,Milestone,Graduation,2024-09-16,2024-10-27,completed,530.08,Google Search,2024-09-12,2024-09-12 02:00:00,120,265.04,True,265.04,265.04,145.04000000000002,4,2.0,2024-09
647,1221,37,4,Milestone,Graduation,2025-11-18,2025-12-13,completed,566.01,Wedding Vendor,2025-10-25,2025-10-25 08:00:00,120,566.01,True,0.0,566.01,446.01,24,8.0,2025-11
648,669,330,6,Wedding Collection,Weddings,2025-09-19,2026-01-06,completed,3289.83,Paid Advertisement,2025-09-09,2025-09-09 09:00:00,1150,3289.83,True,0.0,3289.83,2139.83,10,9.0,2025-09
649,1245,88,5,Brand Builder,Branding/headshots,2025-07-29,2025-11-25,completed,915.03,Wedding Vendor,2025-07-24,2025-07-24 08:00:00,210,915.03,True,0.0,915.03,705.03,5,8.0,2025-07
650,378,860,4,Milestone,Graduation,2024-08-03,2024-08-27,cancelled,521.13,Instagram,2024-07-16,2024-07-17 07:00:00,120,521.13,False,0.0,521.13,401.13,18,31.0,2024-08
651,61,592,2,Essential Portrait,Family portraits,2025-06-10,2025-10-06,completed,467.2,Instagram,2025-06-01,2025-06-01 03:00:00,110,467.2,True,0.0,467.2,357.2,9,3.0,2025-06
652,745,733,4,Milestone,Graduation,2024-03-19,2024-05-17,rescheduled,514.13,Instagram,2024-03-08,2024-03-08 22:00:00,120,179.95,False,334.18,179.95,59.94999999999999,11,22.0,2024-03
653,906,157,6,Wedding Collection,Weddings,2024-10-31,2024-11-07,completed,3014.84,Repeat Client,2024-10-27,2024-10-29 21:00:00,1150,3014.84,True,0.0,3014.84,1864.8400000000001,4,69.0,2024-10
654,1128,1024,2,Essential Portrait,Family portraits,2025-10-29,2025-11-13,completed,501.58,Google Search,2025-10-09,2025-10-09 10:00:00,110,0.0,True,501.58,0.0,-110.0,20,10.0,2025-10
655,354,94,2,Essential Portrait,Newborn,2025-09-29,2025-12-27,completed,455.8,Google Search,2025-09-12,2025-09-12 16:00:00,110,455.8,True,0.0,455.8,345.8,17,16.0,2025-09
656,1666,225,2,Essential Portrait,Newborn,2024-11-25,2025-01-09,completed,481.83,Google Search,2024-11-16,2024-11-16 05:00:00,110,168.64,True,313.19,168.64,58.639999999999986,9,5.0,2024-11
657,605,323,2,Essential Portrait,Maternity,2025-07-06,2025-09-21,confirmed,435.33,Wedding Vendor,2025-06-17,2025-06-19 15:00:00,110,435.33,False,0.0,435.33,325.33,19,63.0,2025-07
658,962,833,1,Mini Moment,Mini sessions,2025-05-01,2025-06-21,completed,242.56,Wedding Vendor,2025-04-17,2025-04-17 13:00:00,55,242.56,True,0.0,242.56,187.56,14,13.0,2025-05
659,405,849,1,Mini Moment,Mini sessions,2025-12-15,2026-01-25,completed,235.35,Google Search,2025-12-07,2025-12-09 16:00:00,55,0.0,True,235.35,0.0,-55.0,8,64.0,2025-12
660,1497,278,2,Essential Portrait,Maternity,2025-07-19,2025-10-17,completed,459.67,Instagram,2025-06-29,2025-07-01 23:00:00,110,459.67,True,0.0,459.67,349.67,20,71.0,2025-07
661,1607,254,6,Wedding Collection,Weddings,2025-10-28,2026-02-20,completed,2978.42,Instagram,2025-10-11,2025-10-13 23:00:00,1150,2978.42,True,0.0,2978.42,1828.42,17,71.0,2025-10
662,512,854,5,Brand Builder,Branding/headshots,2024-04-01,2024-04-20,completed,865.44,Facebook,2024-03-23,2024-03-25 15:00:00,210,865.44,True,0.0,865.44,655.44,9,63.0,2024-04
663,495,793,4,Milestone,Graduation,2025-05-26,2025-09-03,completed,552.72,Instagram,2025-05-25,2025-05-26 07:00:00,120,552.72,True,0.0,552.72,432.72,1,31.0,2025-05
664,1237,742,1,Mini Moment,Mini sessions,2024-12-19,2025-04-12,completed,230.23,Instagram,2024-12-06,2024-12-07 20:00:00,55,0.0,True,230.23,0.0,-55.0,13,44.0,2024-12
665,794,605,5,Brand Builder,Branding/headshots,2025-10-19,2026-01-31,completed,774.56,Google Search,2025-10-05,2025-10-05 11:00:00,210,774.56,True,0.0,774.56,564.56,14,11.0,2025-10
666,356,763,2,Essential Portrait,Family portraits,2025-11-16,2026-01-13,cancelled,443.53,Paid Advertisement,2025-10-27,2025-10-28 15:00:00,110,443.53,False,0.0,443.53,333.53,20,39.0,2025-11
667,1066,1145,2,Essential Portrait,Maternity,2024-12-01,2025-02-04,rescheduled,442.45,Instagram,2024-11-18,2024-11-19 08:00:00,110,442.45,False,0.0,442.45,332.45,13,32.0,2024-12
668,594,611,1,Mini Moment,Mini sessions,2025-06-06,2025-06-24,rescheduled,206.68,Instagram,2025-05-19,2025-05-19 11:00:00,55,206.68,False,0.0,206.68,151.68,18,11.0,2025-06
669,183,629,1,Mini Moment,Mini sessions,2025-02-15,2025-05-15,completed,230.81,Google Search,2025-02-04,2025-02-06 00:00:00,55,230.81,True,0.0,230.81,175.81,11,48.0,2025-02
670,13,579,6,Wedding Collection,Weddings,2025-10-07,2025-12-16,completed,3392.16,Facebook,2025-09-30,2025-09-30 07:00:00,1150,3392.16,True,0.0,3392.16,2242.16,7,7.0,2025-10
671,1255,47,2,Essential Portrait,Newborn,2024-07-08,2024-07-26,completed,428.55,Paid Advertisement,2024-06-29,2024-07-01 20:00:00,110,214.28,True,214.27,214.28,104.28,9,68.0,2024-07
672,1329,519,1,Mini Moment,Mini sessions,2025-11-10,2026-01-02,completed,214.5,Instagram,2025-11-04,2025-11-05 21:00:00,55,214.5,True,0.0,214.5,159.5,6,45.0,2025-11
673,1769,982,4,Milestone,Graduation,2024-05-08,2024-08-18,completed,552.53,Instagram,2024-04-21,2024-04-22 20:00:00,120,552.53,True,0.0,552.53,432.53,17,44.0,2024-05
674,154,693,5,Brand Builder,Branding/headshots,2024-03-22,2024-07-03,confirmed,783.28,Facebook,2024-03-15,2024-03-15 21:00:00,210,783.28,False,0.0,783.28,573.28,7,21.0,2024-03
675,1248,933,4,Milestone,Graduation,2025-04-24,2025-07-24,cancelled,543.31,Google Search,2025-04-06,2025-04-08 17:00:00,120,543.31,False,0.0,543.31,423.30999999999995,18,65.0,2025-04
676,661,1050,2,Essential Portrait,Family portraits,2024-12-26,2025-04-14,completed,481.32,Referral,2024-12-16,2024-12-17 03:00:00,110,481.32,True,0.0,481.32,371.32,10,27.0,2024-12
677,1351,910,4,Milestone,Graduation,2025-08-19,2025-11-02,completed,482.12,Referral,2025-08-01,2025-08-01 02:00:00,120,482.12,True,0.0,482.12,362.12,18,2.0,2025-08
678,266,1194,1,Mini Moment,Mini sessions,2025-03-30,2025-06-10,cancelled,219.9,Instagram,2025-03-24,2025-03-26 14:00:00,55,219.9,False,0.0,219.9,164.9,6,62.0,2025-03
679,1121,362,1,Mini Moment,Mini sessions,2024-06-21,2024-10-08,completed,214.48,Google Search,2024-06-08,2024-06-08 07:00:00,55,214.48,True,0.0,214.48,159.48,13,7.0,2024-06
680,1228,181,2,Essential Portrait,Maternity,2024-02-18,2024-05-22,confirmed,465.27,Wedding Vendor,2024-02-14,2024-02-14 01:00:00,110,465.27,False,0.0,465.27,355.27,4,1.0,2024-02
681,523,157,2,Essential Portrait,Newborn,2024-09-14,2024-10-21,completed,479.61,Repeat Client,2024-08-22,2024-08-23 09:00:00,110,479.61,True,0.0,479.61,369.61,23,33.0,2024-09
682,128,807,2,Essential Portrait,Family portraits,2024-11-01,2025-01-29,completed,487.26,Paid Advertisement,2024-10-24,2024-10-25 10:00:00,110,487.26,True,0.0,487.26,377.26,8,34.0,2024-11
683,1670,133,4,Milestone,Graduation,2024-06-09,2024-06-19,completed,558.98,Wedding Vendor,2024-05-26,2024-05-27 13:00:00,120,558.98,True,0.0,558.98,438.98,14,37.0,2024-06
684,665,52,5,Brand Builder,Branding/headshots,2024-06-26,2024-07-30,completed,850.07,Google Search,2024-06-03,2024-06-05 07:00:00,210,0.0,True,850.07,0.0,-210.0,23,55.0,2024-06
685,1471,231,5,Brand Builder,Branding/headshots,2024-06-24,2024-07-16,completed,861.18,Google Search,2024-06-14,2024-06-15 23:00:00,210,861.18,True,0.0,861.18,651.18,10,47.0,2024-06
686,464,485,5,Brand Builder,Branding/headshots,2024-05-19,2024-06-01,completed,810.52,Referral,2024-05-15,2024-05-17 23:00:00,210,0.0,True,810.52,0.0,-210.0,4,71.0,2024-05
687,973,109,2,Essential Portrait,Maternity,2025-11-19,2025-12-27,completed,464.6,Referral,2025-11-13,2025-11-14 13:00:00,110,464.6,True,0.0,464.6,354.6,6,37.0,2025-11
688,656,91,2,Essential Portrait,Newborn,2024-08-09,2024-09-09,cancelled,490.54,Repeat Client,2024-08-03,2024-08-03 06:00:00,110,490.54,False,0.0,490.54,380.54,6,6.0,2024-08
689,1766,984,2,Essential Portrait,Newborn,2025-04-03,2025-06-10,completed,496.31,Repeat Client,2025-03-18,2025-03-20 10:00:00,110,496.31,True,0.0,496.31,386.31,16,58.0,2025-04
690,91,496,1,Mini Moment,Mini sessions,2024-11-15,2025-01-25,completed,225.72,Local Event,2024-10-29,2024-10-31 03:00:00,55,225.72,True,0.0,225.72,170.72,17,51.0,2024-11
691,728,709,1,Mini Moment,Mini sessions,2025-12-12,2026-03-01,completed,237.53,Wedding Vendor,2025-11-22,2025-11-23 02:00:00,55,237.53,True,0.0,237.53,182.53,20,26.0,2025-12
692,1069,419,2,Essential Portrait,Newborn,2024-10-02,2024-11-26,rescheduled,489.71,Google Search,2024-09-23,2024-09-24 22:00:00,110,489.71,False,0.0,489.71,379.71,9,46.0,2024-10
693,433,1097,5,Brand Builder,Branding/headshots,2024-04-04,2024-06-28,completed,914.67,Facebook,2024-03-26,2024-03-27 18:00:00,210,914.67,True,0.0,914.67,704.67,9,42.0,2024-04
694,1170,962,6,Wedding Collection,Weddings,2024-12-11,2024-12-20,completed,3246.98,Instagram,2024-11-28,2024-11-28 02:00:00,1150,3246.98,True,0.0,3246.98,2096.98,13,2.0,2024-12
695,925,638,2,Essential Portrait,Maternity,2025-10-31,2026-02-16,completed,487.49,Wedding Vendor,2025-10-10,2025-10-10 15:00:00,110,487.49,True,0.0,487.49,377.49,21,15.0,2025-10
696,1650,935,2,Essential Portrait,Newborn,2024-03-07,2024-04-16,rescheduled,482.17,Repeat Client,2024-02-26,2024-02-26 22:00:00,110,0.0,False,482.17,0.0,-110.0,10,22.0,2024-03
697,1602,214,4,Milestone,Graduation,2024-05-27,2024-09-18,cancelled,501.67,Repeat Client,2024-05-09,2024-05-10 17:00:00,120,250.84,False,250.83,250.84,130.84,18,41.0,2024-05
698,1558,75,2,Essential Portrait,Maternity,2024-12-31,2025-02-15,confirmed,467.5,Facebook,2024-12-11,2024-12-13 17:00:00,110,467.5,False,0.0,467.5,357.5,20,65.0,2024-12
699,1739,684,2,Essential Portrait,Newborn,2025-10-15,2025-12-02,completed,486.24,Google Search,2025-09-22,2025-09-24 22:00:00,110,486.24,True,0.0,486.24,376.24,23,70.0,2025-10
700,1505,836,3,Signature Story,Couples,2024-04-29,2024-08-17,completed,617.14,Local Event,2024-04-18,2024-04-19 06:00:00,145,617.14,True,0.0,617.14,472.14,11,30.0,2024-04
701,664,1152,2,Essential Portrait,Family portraits,2025-02-08,2025-02-23,rescheduled,481.0,Facebook,2025-01-17,2025-01-19 07:00:00,110,481.0,False,0.0,481.0,371.0,22,55.0,2025-02
702,374,561,6,Wedding Collection,Weddings,2024-06-30,2024-07-14,confirmed,3166.96,Repeat Client,2024-06-26,2024-06-26 14:00:00,1150,3166.96,False,0.0,3166.96,2016.96,4,14.0,2024-06
703,498,677,5,Brand Builder,Branding/headshots,2025-04-29,2025-05-09,rescheduled,877.89,Facebook,2025-04-07,2025-04-09 21:00:00,210,877.89,False,0.0,877.89,667.89,22,69.0,2025-04
704,797,977,5,Brand Builder,Branding/headshots,2024-03-11,2024-06-17,rescheduled,887.17,Google Search,2024-03-09,2024-03-11 04:00:00,210,887.17,False,0.0,887.17,677.17,2,52.0,2024-03
705,1794,340,2,Essential Portrait,Newborn,2025-07-30,2025-10-14,completed,485.27,Referral,2025-07-29,2025-07-31 06:00:00,110,485.27,True,0.0,485.27,375.27,1,54.0,2025-07
706,1217,961,2,Essential Portrait,Maternity,2025-03-09,2025-06-03,completed,492.43,Google Search,2025-03-08,2025-03-10 00:00:00,110,492.43,True,0.0,492.43,382.43,1,48.0,2025-03
707,1056,463,5,Brand Builder,Branding/headshots,2024-02-28,2024-05-18,completed,828.4,Facebook,2024-02-04,2024-02-06 15:00:00,210,828.4,True,0.0,828.4,618.4,24,63.0,2024-02
708,33,844,4,Milestone,Graduation,2025-03-09,2025-04-01,cancelled,508.04,Google Search,2025-02-25,2025-02-27 12:00:00,120,508.04,False,0.0,508.04,388.04,12,60.0,2025-03
709,1206,218,5,Brand Builder,Branding/headshots,2025-10-20,2026-01-15,completed,827.48,Referral,2025-10-16,2025-10-16 10:00:00,210,413.74,True,413.74,413.74,203.74,4,10.0,2025-10
710,141,651,6,Wedding Collection,Weddings,2025-10-31,2026-02-21,completed,3173.47,Paid Advertisement,2025-10-18,2025-10-20 14:00:00,1150,3173.47,True,0.0,3173.47,2023.4699999999998,13,62.0,2025-10
711,299,904,2,Essential Portrait,Family portraits,2025-04-10,2025-05-27,completed,483.82,Google Search,2025-04-01,2025-04-02 16:00:00,110,483.82,True,0.0,483.82,373.82,9,40.0,2025-04
712,1444,269,5,Brand Builder,Branding/headshots,2024-08-18,2024-10-03,rescheduled,903.16,Paid Advertisement,2024-08-15,2024-08-17 15:00:00,210,903.16,False,0.0,903.16,693.16,3,63.0,2024-08
713,1785,927,6,Wedding Collection,Weddings,2025-10-20,2025-11-11,completed,3121.59,Referral,2025-10-02,2025-10-04 11:00:00,1150,3121.59,True,0.0,3121.59,1971.5900000000001,18,59.0,2025-10
714,1417,724,2,Essential Portrait,Newborn,2025-10-08,2026-01-27,completed,457.57,Paid Advertisement,2025-10-07,2025-10-07 05:00:00,110,457.57,True,0.0,457.57,347.57,1,5.0,2025-10
715,587,25,2,Essential Portrait,Family portraits,2025-11-01,2025-12-08,completed,501.74,Instagram,2025-10-19,2025-10-19 20:00:00,110,501.74,True,0.0,501.74,391.74,13,20.0,2025-11
716,86,1170,4,Milestone,Graduation,2025-03-17,2025-05-26,completed,486.93,Referral,2025-03-08,2025-03-09 18:00:00,120,486.93,True,0.0,486.93,366.93,9,42.0,2025-03
717,1735,860,5,Brand Builder,Branding/headshots,2024-02-21,2024-03-20,completed,917.22,Wedding Vendor,2024-01-30,2024-01-30 09:00:00,210,917.22,True,0.0,917.22,707.22,22,9.0,2024-02
718,439,133,3,Signature Story,Couples,2025-05-07,2025-08-04,completed,700.8,Google Search,2025-04-25,2025-04-27 12:00:00,145,700.8,True,0.0,700.8,555.8,12,60.0,2025-05
719,97,618,2,Essential Portrait,Newborn,2024-07-21,2024-10-14,completed,450.43,Paid Advertisement,2024-07-13,2024-07-14 13:00:00,110,450.43,True,0.0,450.43,340.43,8,37.0,2024-07
720,570,365,2,Essential Portrait,Family portraits,2025-04-04,2025-04-14,cancelled,499.51,Paid Advertisement,2025-03-24,2025-03-26 23:00:00,110,499.51,False,0.0,499.51,389.51,11,71.0,2025-04
721,104,750,5,Brand Builder,Branding/headshots,2025-02-19,2025-05-20,rescheduled,886.61,Instagram,2025-02-01,2025-02-02 20:00:00,210,886.61,False,0.0,886.61,676.61,18,44.0,2025-02
722,657,1063,1,Mini Moment,Mini sessions,2025-03-09,2025-03-27,completed,231.92,Referral,2025-03-08,2025-03-09 01:00:00,55,231.92,True,0.0,231.92,176.92,1,25.0,2025-03
723,28,619,1,Mini Moment,Mini sessions,2024-09-12,2024-09-23,completed,224.42,Google Search,2024-08-24,2024-08-26 03:00:00,55,224.42,True,0.0,224.42,169.42,19,51.0,2024-09
724,1071,572,4,Milestone,Graduation,2025-12-13,2026-01-17,completed,486.39,Instagram,2025-12-11,2025-12-13 19:00:00,120,0.0,True,486.39,0.0,-120.0,2,67.0,2025-12
725,939,817,4,Milestone,Graduation,2024-03-21,2024-06-14,completed,479.64,Facebook,2024-03-03,2024-03-03 09:00:00,120,479.64,True,0.0,479.64,359.64,18,9.0,2024-03
726,1328,374,6,Wedding Collection,Weddings,2025-10-06,2025-11-23,completed,2936.45,Instagram,2025-09-14,2025-09-15 19:00:00,1150,0.0,True,2936.45,0.0,-1150.0,22,43.0,2025-10
727,563,40,4,Milestone,Graduation,2024-07-13,2024-07-20,completed,559.29,Google Search,2024-07-08,2024-07-10 11:00:00,120,0.0,True,559.29,0.0,-120.0,5,59.0,2024-07
728,107,595,1,Mini Moment,Mini sessions,2024-02-18,2024-03-28,completed,229.69,Wedding Vendor,2024-02-13,2024-02-13 23:00:00,55,229.69,True,0.0,229.69,174.69,5,23.0,2024-02
729,1177,901,5,Brand Builder,Branding/headshots,2024-04-30,2024-06-02,completed,804.09,Instagram,2024-04-22,2024-04-22 15:00:00,210,804.09,True,0.0,804.09,594.09,8,15.0,2024-04
730,994,820,2,Essential Portrait,Newborn,2025-10-08,2025-11-17,completed,442.01,Google Search,2025-10-02,2025-10-03 12:00:00,110,221.0,True,221.01,221.0,111.0,6,36.0,2025-10
731,945,353,1,Mini Moment,Mini sessions,2024-06-15,2024-09-29,completed,239.79,Wedding Vendor,2024-05-28,2024-05-29 03:00:00,55,0.0,True,239.79,0.0,-55.0,18,27.0,2024-06
732,699,635,5,Brand Builder,Branding/headshots,2025-09-23,2025-11-27,completed,913.17,Instagram,2025-09-10,2025-09-11 09:00:00,210,913.17,True,0.0,913.17,703.17,13,33.0,2025-09
733,1263,359,4,Milestone,Graduation,2025-05-22,2025-06-29,completed,489.7,Google Search,2025-05-10,2025-05-12 03:00:00,120,171.39,True,318.31,171.39,51.389999999999986,12,51.0,2025-05
734,689,787,2,Essential Portrait,Newborn,2024-08-12,2024-08-21,completed,466.49,Instagram,2024-07-26,2024-07-27 11:00:00,110,466.49,True,0.0,466.49,356.49,17,35.0,2024-08
735,263,902,2,Essential Portrait,Family portraits,2025-11-21,2026-01-28,completed,508.64,Referral,2025-11-13,2025-11-15 11:00:00,110,508.64,True,0.0,508.64,398.64,8,59.0,2025-11
736,145,1001,5,Brand Builder,Branding/headshots,2025-08-29,2025-11-02,completed,798.65,Repeat Client,2025-08-23,2025-08-25 10:00:00,210,399.33,True,399.32,399.33,189.32999999999998,6,58.0,2025-08
737,421,186,2,Essential Portrait,Maternity,2024-04-02,2024-05-19,completed,494.87,Facebook,2024-03-16,2024-03-18 00:00:00,110,494.87,True,0.0,494.87,384.87,17,48.0,2024-04
738,704,412,2,Essential Portrait,Family portraits,2025-12-12,2026-01-10,completed,433.48,Facebook,2025-11-18,2025-11-20 18:00:00,110,433.48,True,0.0,433.48,323.48,24,66.0,2025-12
739,37,11,2,Essential Portrait,Family portraits,2024-12-31,2025-02-15,completed,504.82,Facebook,2024-12-08,2024-12-09 04:00:00,110,504.82,True,0.0,504.82,394.82,23,28.0,2024-12
740,227,1074,1,Mini Moment,Mini sessions,2024-10-19,2024-12-07,completed,213.76,Instagram,2024-10-02,2024-10-04 05:00:00,55,213.76,True,0.0,213.76,158.76,17,53.0,2024-10
741,1618,1083,2,Essential Portrait,Newborn,2024-03-15,2024-06-07,confirmed,512.43,Instagram,2024-03-08,2024-03-09 09:00:00,110,256.21,False,256.21999999999997,256.21,146.20999999999998,7,33.0,2024-03
742,1796,302,1,Mini Moment,Mini sessions,2025-10-30,2026-01-09,completed,237.47,Instagram,2025-10-15,2025-10-16 20:00:00,55,237.47,True,0.0,237.47,182.47,15,44.0,2025-10
743,412,413,3,Signature Story,Couples,2025-03-15,2025-04-02,completed,614.17,Repeat Client,2025-02-24,2025-02-25 03:00:00,145,614.17,True,0.0,614.17,469.16999999999996,19,27.0,2025-03
744,414,1170,1,Mini Moment,Mini sessions,2024-06-09,2024-10-05,rescheduled,232.62,Facebook,2024-05-26,2024-05-28 00:00:00,55,81.42,False,151.2,81.42,26.42,14,48.0,2024-06
745,35,357,5,Brand Builder,Branding/headshots,2025-03-22,2025-05-19,completed,873.13,Referral,2025-03-16,2025-03-17 13:00:00,210,873.13,True,0.0,873.13,663.13,6,37.0,2025-03
746,304,588,6,Wedding Collection,Weddings,2024-10-03,2025-01-02,completed,2995.64,Referral,2024-09-15,2024-09-17 22:00:00,1150,1497.82,True,1497.82,1497.82,347.81999999999994,18,70.0,2024-10
747,928,22,4,Milestone,Graduation,2025-10-17,2026-02-09,completed,559.03,Referral,2025-10-04,2025-10-05 06:00:00,120,195.66,True,363.37,195.66,75.66,13,30.0,2025-10
748,1585,793,3,Signature Story,Couples,2024-10-29,2024-11-21,completed,634.58,Facebook,2024-10-06,2024-10-08 01:00:00,145,634.58,True,0.0,634.58,489.58000000000004,23,49.0,2024-10
749,371,97,2,Essential Portrait,Newborn,2025-12-27,2026-01-16,completed,487.49,Google Search,2025-12-11,2025-12-12 07:00:00,110,487.49,True,0.0,487.49,377.49,16,31.0,2025-12
750,1308,505,4,Milestone,Graduation,2024-07-23,2024-09-16,completed,507.63,Instagram,2024-07-11,2024-07-13 08:00:00,120,507.63,True,0.0,507.63,387.63,12,56.0,2024-07
751,92,501,1,Mini Moment,Mini sessions,2025-10-04,2025-11-25,completed,232.73,Google Search,2025-09-22,2025-09-23 07:00:00,55,232.73,True,0.0,232.73,177.73,12,31.0,2025-10
752,461,545,2,Essential Portrait,Family portraits,2024-10-16,2025-01-17,rescheduled,467.73,Repeat Client,2024-10-06,2024-10-06 13:00:00,110,467.73,False,0.0,467.73,357.73,10,13.0,2024-10
753,306,155,4,Milestone,Graduation,2025-05-17,2025-08-10,completed,534.85,Repeat Client,2025-05-11,2025-05-12 02:00:00,120,534.85,True,0.0,534.85,414.85,6,26.0,2025-05
754,1315,929,5,Brand Builder,Branding/headshots,2025-11-10,2025-12-29,completed,819.73,Instagram,2025-10-29,2025-10-31 01:00:00,210,819.73,True,0.0,819.73,609.73,12,49.0,2025-11
755,1680,217,1,Mini Moment,Mini sessions,2024-12-22,2025-03-07,completed,202.76,Instagram,2024-12-02,2024-12-02 22:00:00,55,202.76,True,0.0,202.76,147.76,20,22.0,2024-12
756,1271,104,2,Essential Portrait,Family portraits,2025-11-25,2025-12-02,completed,452.76,Instagram,2025-11-09,2025-11-10 06:00:00,110,452.76,True,0.0,452.76,342.76,16,30.0,2025-11
757,1109,641,2,Essential Portrait,Maternity,2024-09-21,2025-01-04,cancelled,467.68,Local Event,2024-09-20,2024-09-22 04:00:00,110,467.68,False,0.0,467.68,357.68,1,52.0,2024-09
758,198,694,4,Milestone,Graduation,2025-05-16,2025-09-11,completed,540.0,Referral,2025-05-01,2025-05-02 20:00:00,120,540.0,True,0.0,540.0,420.0,15,44.0,2025-05
759,130,848,2,Essential Portrait,Maternity,2024-06-28,2024-09-26,completed,470.91,Wedding Vendor,2024-06-26,2024-06-26 21:00:00,110,164.82,True,306.09000000000003,164.82,54.81999999999999,2,21.0,2024-06
760,1151,580,2,Essential Portrait,Family portraits,2024-10-21,2024-11-27,cancelled,507.11,Google Search,2024-10-16,2024-10-17 11:00:00,110,507.11,False,0.0,507.11,397.11,5,35.0,2024-10
761,1792,1066,3,Signature Story,Couples,2025-05-18,2025-09-02,confirmed,620.23,Google Search,2025-05-01,2025-05-03 12:00:00,145,310.12,False,310.11,310.12,165.12,17,60.0,2025-05
762,660,667,5,Brand Builder,Branding/headshots,2024-06-06,2024-08-10,completed,842.81,Local Event,2024-05-19,2024-05-20 16:00:00,210,842.81,True,0.0,842.81,632.81,18,40.0,2024-06
763,1740,516,4,Milestone,Graduation,2025-11-18,2025-12-26,completed,513.1,Instagram,2025-11-13,2025-11-13 21:00:00,120,513.1,True,0.0,513.1,393.1,5,21.0,2025-11
764,619,805,1,Mini Moment,Mini sessions,2025-03-20,2025-04-13,completed,226.76,Repeat Client,2025-02-25,2025-02-26 03:00:00,55,226.76,True,0.0,226.76,171.76,23,27.0,2025-03
765,50,692,1,Mini Moment,Mini sessions,2025-11-22,2025-12-08,confirmed,205.52,Google Search,2025-11-11,2025-11-13 06:00:00,55,205.52,False,0.0,205.52,150.52,11,54.0,2025-11
766,339,1031,2,Essential Portrait,Newborn,2025-02-07,2025-04-07,completed,505.11,Google Search,2025-02-01,2025-02-01 14:00:00,110,505.11,True,0.0,505.11,395.11,6,14.0,2025-02
767,186,1017,5,Brand Builder,Branding/headshots,2024-08-06,2024-08-23,completed,795.35,Instagram,2024-07-13,2024-07-14 04:00:00,210,795.35,True,0.0,795.35,585.35,24,28.0,2024-08
768,814,163,1,Mini Moment,Mini sessions,2024-10-14,2024-11-26,rescheduled,216.28,Local Event,2024-10-05,2024-10-06 14:00:00,55,75.7,False,140.57999999999998,75.7,20.700000000000003,9,38.0,2024-10
769,895,698,2,Essential Portrait,Newborn,2025-12-04,2025-12-26,cancelled,449.67,Instagram,2025-11-30,2025-11-30 20:00:00,110,449.67,False,0.0,449.67,339.67,4,20.0,2025-12
770,1207,822,1,Mini Moment,Mini sessions,2024-10-28,2024-12-10,completed,214.84,Repeat Client,2024-10-23,2024-10-24 11:00:00,55,214.84,True,0.0,214.84,159.84,5,35.0,2024-10
771,1279,1124,2,Essential Portrait,Maternity,2024-03-07,2024-04-22,completed,456.73,Wedding Vendor,2024-03-01,2024-03-01 06:00:00,110,456.73,True,0.0,456.73,346.73,6,6.0,2024-03
772,501,334,2,Essential Portrait,Maternity,2025-06-23,2025-10-18,completed,457.35,Referral,2025-06-18,2025-06-18 19:00:00,110,228.67,True,228.68000000000004,228.67,118.66999999999999,5,19.0,2025-06
773,267,959,3,Signature Story,Couples,2025-11-09,2026-02-01,completed,633.53,Instagram,2025-10-27,2025-10-29 19:00:00,145,221.73,True,411.79999999999995,221.73,76.72999999999999,13,67.0,2025-11
774,1572,637,6,Wedding Collection,Weddings,2024-11-13,2024-11-27,rescheduled,3271.49,Local Event,2024-10-23,2024-10-23 17:00:00,1150,3271.49,False,0.0,3271.49,2121.49,21,17.0,2024-11
775,1580,814,2,Essential Portrait,Family portraits,2024-12-01,2025-02-21,completed,444.93,Wedding Vendor,2024-11-15,2024-11-15 19:00:00,110,0.0,True,444.93,0.0,-110.0,16,19.0,2024-12
776,1793,873,2,Essential Portrait,Family portraits,2024-04-03,2024-05-31,completed,442.95,Referral,2024-03-10,2024-03-12 18:00:00,110,442.95,True,0.0,442.95,332.95,24,66.0,2024-04
777,914,399,4,Milestone,Graduation,2025-05-10,2025-05-21,completed,527.51,Wedding Vendor,2025-04-19,2025-04-20 05:00:00,120,527.51,True,0.0,527.51,407.51,21,29.0,2025-05
778,151,1057,6,Wedding Collection,Weddings,2024-10-08,2025-01-07,completed,3235.34,Instagram,2024-09-17,2024-09-17 12:00:00,1150,3235.34,True,0.0,3235.34,2085.34,21,12.0,2024-10
779,1277,869,2,Essential Portrait,Family portraits,2025-11-19,2026-02-23,completed,506.97,Wedding Vendor,2025-11-14,2025-11-14 20:00:00,110,506.97,True,0.0,506.97,396.97,5,20.0,2025-11
780,748,290,6,Wedding Collection,Weddings,2024-05-16,2024-07-23,completed,3183.53,Google Search,2024-05-08,2024-05-10 22:00:00,1150,3183.53,True,0.0,3183.53,2033.5300000000002,8,70.0,2024-05
781,888,642,1,Mini Moment,Mini sessions,2025-02-12,2025-05-22,completed,211.27,Facebook,2025-01-26,2025-01-28 08:00:00,55,105.64,True,105.63000000000001,105.64,50.64,17,56.0,2025-02
782,1137,144,2,Essential Portrait,Family portraits,2025-05-14,2025-09-10,completed,449.9,Wedding Vendor,2025-05-02,2025-05-03 21:00:00,110,449.9,True,0.0,449.9,339.9,12,45.0,2025-05
783,1154,982,6,Wedding Collection,Weddings,2025-10-21,2026-01-13,completed,3172.62,Paid Advertisement,2025-10-01,2025-10-01 19:00:00,1150,3172.62,True,0.0,3172.62,2022.62,20,19.0,2025-10
784,1292,1026,2,Essential Portrait,Maternity,2025-07-21,2025-08-21,completed,464.63,Google Search,2025-07-01,2025-07-01 15:00:00,110,464.63,True,0.0,464.63,354.63,20,15.0,2025-07
785,1064,299,6,Wedding Collection,Weddings,2025-07-07,2025-08-24,completed,2952.51,Referral,2025-06-18,2025-06-20 12:00:00,1150,2952.51,True,0.0,2952.51,1802.5100000000002,19,60.0,2025-07
786,1638,1108,1,Mini Moment,Mini sessions,2025-06-24,2025-08-12,completed,213.48,Instagram,2025-06-06,2025-06-07 08:00:00,55,213.48,True,0.0,213.48,158.48,18,32.0,2025-06
787,975,669,6,Wedding Collection,Weddings,2024-09-07,2024-12-07,completed,3072.59,Local Event,2024-08-24,2024-08-24 07:00:00,1150,3072.59,True,0.0,3072.59,1922.5900000000001,14,7.0,2024-09
788,1565,491,1,Mini Moment,Mini sessions,2025-11-20,2025-11-29,completed,207.25,Facebook,2025-11-01,2025-11-03 13:00:00,55,207.25,True,0.0,207.25,152.25,19,61.0,2025-11
789,143,1101,1,Mini Moment,Mini sessions,2024-06-16,2024-08-23,completed,229.65,Instagram,2024-05-27,2024-05-28 14:00:00,55,229.65,True,0.0,229.65,174.65,20,38.0,2024-06
790,260,235,1,Mini Moment,Mini sessions,2024-11-24,2025-01-24,rescheduled,204.17,Google Search,2024-11-15,2024-11-15 15:00:00,55,204.17,False,0.0,204.17,149.17,9,15.0,2024-11
791,857,594,2,Essential Portrait,Family portraits,2025-11-04,2025-11-23,completed,471.6,Facebook,2025-10-28,2025-10-28 08:00:00,110,471.6,True,0.0,471.6,361.6,7,8.0,2025-11
792,1546,809,3,Signature Story,Couples,2026-01-03,2026-02-25,completed,654.87,Referral,2025-12-29,2025-12-30 13:00:00,145,654.87,True,0.0,654.87,509.87,5,37.0,2026-01
793,1265,434,4,Milestone,Graduation,2025-04-23,2025-07-16,completed,557.74,Instagram,2025-04-16,2025-04-16 04:00:00,120,0.0,True,557.74,0.0,-120.0,7,4.0,2025-04
794,1032,1184,2,Essential Portrait,Family portraits,2025-04-24,2025-08-13,completed,453.44,Paid Advertisement,2025-04-12,2025-04-12 11:00:00,110,453.44,True,0.0,453.44,343.44,12,11.0,2025-04
795,824,1176,4,Milestone,Graduation,2025-09-29,2025-11-18,completed,529.63,Wedding Vendor,2025-09-10,2025-09-12 01:00:00,120,529.63,True,0.0,529.63,409.63,19,49.0,2025-09
796,579,857,6,Wedding Collection,Weddings,2024-06-02,2024-09-20,completed,3232.94,Referral,2024-05-23,2024-05-23 09:00:00,1150,3232.94,True,0.0,3232.94,2082.94,10,9.0,2024-06
797,161,953,1,Mini Moment,Mini sessions,2025-01-01,2025-03-15,completed,233.53,Facebook,2024-12-12,2024-12-13 23:00:00,55,233.53,True,0.0,233.53,178.53,20,47.0,2025-01
798,1731,65,1,Mini Moment,Mini sessions,2026-01-03,2026-01-19,rescheduled,238.83,Local Event,2025-12-23,2025-12-24 01:00:00,55,238.83,False,0.0,238.83,183.83,11,25.0,2026-01
799,1661,912,3,Signature Story,Couples,2025-02-02,2025-06-01,completed,621.73,Wedding Vendor,2025-01-12,2025-01-12 15:00:00,145,621.73,True,0.0,621.73,476.73,21,15.0,2025-02
800,599,32,1,Mini Moment,Mini sessions,2024-10-25,2024-11-15,completed,217.01,Referral,2024-10-24,2024-10-26 04:00:00,55,217.01,True,0.0,217.01,162.01,1,52.0,2024-10
801,1244,184,4,Milestone,Graduation,2024-10-24,2025-01-30,completed,539.62,Paid Advertisement,2024-10-12,2024-10-12 09:00:00,120,539.62,True,0.0,539.62,419.62,12,9.0,2024-10
802,1492,284,5,Brand Builder,Branding/headshots,2024-07-18,2024-09-28,completed,844.53,Google Search,2024-07-11,2024-07-12 11:00:00,210,844.53,True,0.0,844.53,634.53,7,35.0,2024-07
803,455,381,1,Mini Moment,Mini sessions,2024-08-23,2024-12-09,completed,235.84,Referral,2024-08-11,2024-08-13 15:00:00,55,235.84,True,0.0,235.84,180.84,12,63.0,2024-08
804,1375,596,6,Wedding Collection,Weddings,2025-05-27,2025-09-12,completed,3262.81,Wedding Vendor,2025-05-06,2025-05-07 13:00:00,1150,3262.81,True,0.0,3262.81,2112.81,21,37.0,2025-05
805,964,527,2,Essential Portrait,Family portraits,2025-11-26,2026-03-20,cancelled,448.95,Facebook,2025-11-02,2025-11-04 23:00:00,110,448.95,False,0.0,448.95,338.95,24,71.0,2025-11
806,1478,747,5,Brand Builder,Branding/headshots,2024-07-09,2024-10-27,cancelled,817.27,Wedding Vendor,2024-07-04,2024-07-05 22:00:00,210,817.27,False,0.0,817.27,607.27,5,46.0,2024-07
807,1060,980,2,Essential Portrait,Newborn,2024-03-30,2024-06-10,completed,437.91,Instagram,2024-03-10,2024-03-10 23:00:00,110,437.91,True,0.0,437.91,327.91,20,23.0,2024-03
808,429,14,2,Essential Portrait,Maternity,2024-06-26,2024-07-12,completed,493.36,Instagram,2024-06-02,2024-06-02 09:00:00,110,246.68,True,246.68,246.68,136.68,24,9.0,2024-06
809,543,854,4,Milestone,Graduation,2025-01-15,2025-03-03,completed,563.66,Paid Advertisement,2025-01-01,2025-01-03 16:00:00,120,281.83,True,281.83,281.83,161.82999999999998,14,64.0,2025-01
810,389,483,2,Essential Portrait,Newborn,2024-05-21,2024-06-14,cancelled,475.26,Referral,2024-05-12,2024-05-13 01:00:00,110,475.26,False,0.0,475.26,365.26,9,25.0,2024-05
811,322,686,4,Milestone,Graduation,2025-07-05,2025-10-07,completed,527.61,Google Search,2025-06-23,2025-06-23 20:00:00,120,527.61,True,0.0,527.61,407.61,12,20.0,2025-07
812,1077,1176,6,Wedding Collection,Weddings,2024-11-08,2024-12-12,completed,3453.95,Instagram,2024-10-16,2024-10-18 10:00:00,1150,3453.95,True,0.0,3453.95,2303.95,23,58.0,2024-11
813,242,1127,1,Mini Moment,Mini sessions,2025-10-24,2025-12-02,completed,226.64,Referral,2025-10-08,2025-10-08 23:00:00,55,226.64,True,0.0,226.64,171.64,16,23.0,2025-10
814,1201,1108,2,Essential Portrait,Maternity,2024-03-22,2024-04-21,completed,475.76,Local Event,2024-03-07,2024-03-08 22:00:00,110,0.0,True,475.76,0.0,-110.0,15,46.0,2024-03
815,118,727,5,Brand Builder,Branding/headshots,2024-06-25,2024-08-08,completed,808.04,Local Event,2024-06-24,2024-06-26 20:00:00,210,808.04,True,0.0,808.04,598.04,1,68.0,2024-06
816,922,124,6,Wedding Collection,Weddings,2025-10-01,2025-12-09,completed,3295.0,Google Search,2025-09-24,2025-09-24 07:00:00,1150,3295.0,True,0.0,3295.0,2145.0,7,7.0,2025-10
817,269,290,3,Signature Story,Couples,2024-10-13,2024-11-06,cancelled,596.72,Facebook,2024-10-04,2024-10-06 06:00:00,145,208.85,False,387.87,208.85,63.849999999999994,9,54.0,2024-10
818,650,603,4,Milestone,Graduation,2025-08-27,2025-10-03,completed,555.57,Facebook,2025-08-26,2025-08-27 23:00:00,120,0.0,True,555.57,0.0,-120.0,1,47.0,2025-08
819,1156,208,3,Signature Story,Couples,2025-05-29,2025-08-31,completed,686.63,Paid Advertisement,2025-05-28,2025-05-28 19:00:00,145,686.63,True,0.0,686.63,541.63,1,19.0,2025-05
820,1502,446,1,Mini Moment,Mini sessions,2025-05-20,2025-08-31,completed,236.15,Referral,2025-04-27,2025-04-28 17:00:00,55,118.08,True,118.07000000000001,118.08,63.08,23,41.0,2025-05
821,1342,933,5,Brand Builder,Branding/headshots,2025-04-05,2025-05-06,completed,807.19,Wedding Vendor,2025-03-30,2025-04-01 21:00:00,210,807.19,True,0.0,807.19,597.19,6,69.0,2025-04
822,645,974,3,Signature Story,Couples,2025-08-04,2025-09-25,completed,633.95,Google Search,2025-07-25,2025-07-26 02:00:00,145,633.95,True,0.0,633.95,488.95000000000005,10,26.0,2025-08
823,747,3,6,Wedding Collection,Weddings,2024-01-16,2024-04-03,completed,3252.4,Referral,2024-01-15,2024-01-17 03:00:00,1150,3252.4,True,0.0,3252.4,2102.4,1,51.0,2024-01
824,825,309,2,Essential Portrait,Family portraits,2024-11-12,2025-03-11,completed,451.07,Wedding Vendor,2024-11-01,2024-11-03 22:00:00,110,451.07,True,0.0,451.07,341.07,11,70.0,2024-11
825,1520,658,2,Essential Portrait,Maternity,2025-04-20,2025-06-06,confirmed,437.49,Facebook,2025-03-31,2025-04-01 02:00:00,110,218.74,False,218.75,218.74,108.74000000000001,20,26.0,2025-04
826,1123,328,1,Mini Moment,Mini sessions,2024-10-09,2024-11-04,completed,227.91,Local Event,2024-10-05,2024-10-05 22:00:00,55,227.91,True,0.0,227.91,172.91,4,22.0,2024-10
827,1348,634,6,Wedding Collection,Weddings,2025-03-18,2025-03-26,completed,3120.0,Referral,2025-03-05,2025-03-05 16:00:00,1150,1092.0,True,2028.0,1092.0,-58.0,13,16.0,2025-03
828,365,1135,6,Wedding Collection,Weddings,2025-08-04,2025-10-09,completed,2989.14,Facebook,2025-08-02,2025-08-02 02:00:00,1150,2989.14,True,0.0,2989.14,1839.1399999999999,2,2.0,2025-08
829,1166,409,1,Mini Moment,Mini sessions,2024-12-17,2025-01-05,completed,215.52,Referral,2024-12-15,2024-12-15 03:00:00,55,215.52,True,0.0,215.52,160.52,2,3.0,2024-12
830,78,790,6,Wedding Collection,Weddings,2025-06-26,2025-09-05,completed,3234.27,Instagram,2025-06-11,2025-06-11 19:00:00,1150,3234.27,True,0.0,3234.27,2084.27,15,19.0,2025-06
831,391,573,6,Wedding Collection,Weddings,2025-12-02,2026-01-21,cancelled,3172.75,Facebook,2025-11-25,2025-11-26 03:00:00,1150,3172.75,False,0.0,3172.75,2022.75,7,27.0,2025-12
832,1707,963,2,Essential Portrait,Newborn,2024-04-27,2024-05-07,completed,473.28,Paid Advertisement,2024-04-22,2024-04-23 15:00:00,110,473.28,True,0.0,473.28,363.28,5,39.0,2024-04
833,1095,755,1,Mini Moment,Mini sessions,2024-09-09,2024-10-15,completed,212.2,Wedding Vendor,2024-08-25,2024-08-27 13:00:00,55,74.27,True,137.93,74.27,19.269999999999996,15,61.0,2024-09
834,1573,230,4,Milestone,Graduation,2025-05-15,2025-08-27,completed,512.99,Referral,2025-05-06,2025-05-08 11:00:00,120,512.99,True,0.0,512.99,392.99,9,59.0,2025-05
835,702,595,4,Milestone,Graduation,2026-01-10,2026-04-10,completed,542.5,Referral,2025-12-20,2025-12-21 19:00:00,120,271.25,True,271.25,271.25,151.25,21,43.0,2026-01
836,1671,920,2,Essential Portrait,Newborn,2024-10-15,2025-01-07,completed,427.82,Instagram,2024-10-06,2024-10-08 11:00:00,110,427.82,True,0.0,427.82,317.82,9,59.0,2024-10
837,559,255,3,Signature Story,Couples,2025-10-26,2026-01-27,completed,673.01,Referral,2025-10-19,2025-10-19 08:00:00,145,673.01,True,0.0,673.01,528.01,7,8.0,2025-10
838,731,46,1,Mini Moment,Mini sessions,2024-09-26,2024-10-26,rescheduled,230.38,Google Search,2024-09-06,2024-09-08 20:00:00,55,115.19,False,115.19,115.19,60.19,20,68.0,2024-09
839,337,1130,1,Mini Moment,Mini sessions,2025-11-27,2026-03-13,completed,212.4,Instagram,2025-11-12,2025-11-12 05:00:00,55,212.4,True,0.0,212.4,157.4,15,5.0,2025-11
840,1383,590,6,Wedding Collection,Weddings,2024-09-15,2025-01-09,cancelled,3016.17,Google Search,2024-09-12,2024-09-13 21:00:00,1150,3016.17,False,0.0,3016.17,1866.17,3,45.0,2024-09
841,427,413,3,Signature Story,Couples,2025-02-19,2025-06-04,cancelled,672.64,Facebook,2025-02-05,2025-02-05 11:00:00,145,672.64,False,0.0,672.64,527.64,14,11.0,2025-02
842,168,39,3,Signature Story,Couples,2025-06-13,2025-08-10,completed,696.73,Google Search,2025-05-28,2025-05-28 23:00:00,145,348.36,True,348.37,348.36,203.36,16,23.0,2025-06
843,1591,437,2,Essential Portrait,Maternity,2025-09-27,2026-01-05,completed,459.74,Wedding Vendor,2025-09-12,2025-09-12 02:00:00,110,459.74,True,0.0,459.74,349.74,15,2.0,2025-09
844,997,75,4,Milestone,Graduation,2025-09-26,2025-10-13,completed,493.73,Instagram,2025-09-11,2025-09-12 22:00:00,120,493.73,True,0.0,493.73,373.73,15,46.0,2025-09
845,44,696,2,Essential Portrait,Family portraits,2024-01-16,2024-04-28,rescheduled,496.53,Facebook,2024-01-14,2024-01-14 22:00:00,110,248.26,False,248.26999999999998,248.26,138.26,2,22.0,2024-01
846,34,175,5,Brand Builder,Branding/headshots,2024-12-03,2024-12-11,cancelled,886.92,Paid Advertisement,2024-11-19,2024-11-20 07:00:00,210,886.92,False,0.0,886.92,676.92,14,31.0,2024-12
847,1514,334,2,Essential Portrait,Maternity,2026-01-16,2026-01-30,completed,429.93,Instagram,2025-12-23,2025-12-24 13:00:00,110,429.93,True,0.0,429.93,319.93,24,37.0,2026-01
848,976,653,2,Essential Portrait,Family portraits,2025-02-25,2025-05-24,completed,497.46,Paid Advertisement,2025-02-03,2025-02-04 17:00:00,110,497.46,True,0.0,497.46,387.46,22,41.0,2025-02
849,878,312,1,Mini Moment,Mini sessions,2025-01-06,2025-01-15,completed,227.77,Instagram,2024-12-21,2024-12-22 00:00:00,55,227.77,True,0.0,227.77,172.77,16,24.0,2025-01
850,1012,687,2,Essential Portrait,Newborn,2026-01-05,2026-04-10,completed,433.37,Local Event,2025-12-15,2025-12-16 22:00:00,110,433.37,True,0.0,433.37,323.37,21,46.0,2026-01
851,380,899,2,Essential Portrait,Maternity,2025-09-01,2025-12-30,completed,455.78,Google Search,2025-08-16,2025-08-18 08:00:00,110,455.78,True,0.0,455.78,345.78,16,56.0,2025-09
852,1504,1183,2,Essential Portrait,Family portraits,2025-05-27,2025-09-14,completed,504.18,Instagram,2025-05-25,2025-05-27 10:00:00,110,252.09,True,252.09,252.09,142.09,2,58.0,2025-05
853,969,176,3,Signature Story,Couples,2024-12-12,2024-12-25,rescheduled,642.89,Referral,2024-12-03,2024-12-05 11:00:00,145,642.89,False,0.0,642.89,497.89,9,59.0,2024-12
854,223,1145,5,Brand Builder,Branding/headshots,2025-06-21,2025-09-26,confirmed,911.51,Local Event,2025-05-31,2025-05-31 03:00:00,210,911.51,False,0.0,911.51,701.51,21,3.0,2025-06
855,7,300,5,Brand Builder,Branding/headshots,2025-10-23,2026-02-19,completed,822.81,Wedding Vendor,2025-10-19,2025-10-19 04:00:00,210,822.81,True,0.0,822.81,612.81,4,4.0,2025-10
856,129,869,2,Essential Portrait,Maternity,2024-07-30,2024-10-23,completed,480.09,Instagram,2024-07-29,2024-07-29 17:00:00,110,480.09,True,0.0,480.09,370.09,1,17.0,2024-07
857,6,995,1,Mini Moment,Mini sessions,2025-10-08,2025-10-18,completed,241.41,Instagram,2025-09-21,2025-09-23 21:00:00,55,84.49,True,156.92000000000002,84.49,29.489999999999995,17,69.0,2025-10
858,1160,458,1,Mini Moment,Mini sessions,2024-03-20,2024-06-13,completed,227.59,Referral,2024-02-28,2024-02-29 19:00:00,55,227.59,True,0.0,227.59,172.59,21,43.0,2024-03
859,1286,99,5,Brand Builder,Branding/headshots,2025-05-31,2025-07-17,completed,870.72,Google Search,2025-05-21,2025-05-23 23:00:00,210,870.72,True,0.0,870.72,660.72,10,71.0,2025-05
860,451,803,1,Mini Moment,Mini sessions,2024-03-05,2024-04-11,completed,215.87,Referral,2024-03-02,2024-03-02 22:00:00,55,215.87,True,0.0,215.87,160.87,3,22.0,2024-03
861,1140,379,2,Essential Portrait,Maternity,2024-09-15,2024-10-31,completed,500.49,Referral,2024-09-01,2024-09-01 01:00:00,110,500.49,True,0.0,500.49,390.49,14,1.0,2024-09
862,189,427,4,Milestone,Graduation,2025-05-30,2025-08-11,completed,536.66,Referral,2025-05-17,2025-05-19 03:00:00,120,536.66,True,0.0,536.66,416.65999999999997,13,51.0,2025-05
863,1687,135,1,Mini Moment,Mini sessions,2024-06-19,2024-07-22,cancelled,233.69,Google Search,2024-06-16,2024-06-18 01:00:00,55,81.79,False,151.89999999999998,81.79,26.790000000000006,3,49.0,2024-06
864,978,696,4,Milestone,Graduation,2024-02-09,2024-05-23,completed,508.66,Instagram,2024-02-03,2024-02-05 13:00:00,120,508.66,True,0.0,508.66,388.66,6,61.0,2024-02
865,1301,330,6,Wedding Collection,Weddings,2024-11-26,2025-03-22,completed,3280.15,Google Search,2024-11-03,2024-11-05 07:00:00,1150,3280.15,True,0.0,3280.15,2130.15,23,55.0,2024-11
866,121,353,5,Brand Builder,Branding/headshots,2024-12-24,2025-01-26,confirmed,904.38,Google Search,2024-12-06,2024-12-08 17:00:00,210,904.38,False,0.0,904.38,694.38,18,65.0,2024-12
867,565,670,1,Mini Moment,Mini sessions,2025-11-11,2026-02-08,completed,229.94,Referral,2025-11-02,2025-11-04 16:00:00,55,229.94,True,0.0,229.94,174.94,9,64.0,2025-11
868,1339,1050,5,Brand Builder,Branding/headshots,2025-08-23,2025-11-16,completed,907.49,Instagram,2025-08-19,2025-08-21 05:00:00,210,907.49,True,0.0,907.49,697.49,4,53.0,2025-08
869,806,17,1,Mini Moment,Mini sessions,2025-03-12,2025-05-24,completed,240.22,Facebook,2025-03-03,2025-03-04 01:00:00,55,240.22,True,0.0,240.22,185.22,9,25.0,2025-03
870,1425,297,4,Milestone,Graduation,2024-04-04,2024-05-23,completed,560.94,Paid Advertisement,2024-03-31,2024-04-02 09:00:00,120,560.94,True,0.0,560.94,440.94000000000005,4,57.0,2024-04
871,1445,298,5,Brand Builder,Branding/headshots,2024-02-10,2024-02-17,completed,840.62,Instagram,2024-02-06,2024-02-07 22:00:00,210,0.0,True,840.62,0.0,-210.0,4,46.0,2024-02
872,447,710,2,Essential Portrait,Family portraits,2024-03-27,2024-05-07,completed,450.76,Instagram,2024-03-08,2024-03-09 05:00:00,110,450.76,True,0.0,450.76,340.76,19,29.0,2024-03
873,282,897,4,Milestone,Graduation,2025-07-29,2025-09-28,completed,502.5,Referral,2025-07-28,2025-07-30 07:00:00,120,251.25,True,251.25,251.25,131.25,1,55.0,2025-07
874,1004,562,2,Essential Portrait,Newborn,2024-12-27,2025-01-31,completed,471.37,Google Search,2024-12-19,2024-12-21 10:00:00,110,471.37,True,0.0,471.37,361.37,8,58.0,2024-12
875,1036,611,2,Essential Portrait,Family portraits,2025-04-23,2025-07-26,completed,457.12,Paid Advertisement,2025-04-20,2025-04-22 02:00:00,110,457.12,True,0.0,457.12,347.12,3,50.0,2025-04
876,620,563,2,Essential Portrait,Family portraits,2025-07-06,2025-10-12,completed,438.92,Referral,2025-06-15,2025-06-16 12:00:00,110,153.62,True,285.3,153.62,43.620000000000005,21,36.0,2025-07
877,1773,555,4,Milestone,Graduation,2025-12-07,2026-01-12,completed,518.25,Referral,2025-11-27,2025-11-29 22:00:00,120,518.25,True,0.0,518.25,398.25,10,70.0,2025-12
878,222,685,2,Essential Portrait,Newborn,2024-07-12,2024-09-30,completed,504.39,Google Search,2024-07-05,2024-07-06 17:00:00,110,504.39,True,0.0,504.39,394.39,7,41.0,2024-07
879,633,368,5,Brand Builder,Branding/headshots,2024-10-08,2024-10-20,completed,856.44,Instagram,2024-10-03,2024-10-04 20:00:00,210,856.44,True,0.0,856.44,646.44,5,44.0,2024-10
880,1008,1119,6,Wedding Collection,Weddings,2024-12-16,2025-03-21,completed,3315.4,Repeat Client,2024-11-24,2024-11-25 06:00:00,1150,3315.4,True,0.0,3315.4,2165.4,22,30.0,2024-12
881,351,833,4,Milestone,Graduation,2024-08-28,2024-09-04,completed,546.53,Instagram,2024-08-24,2024-08-24 23:00:00,120,273.26,True,273.27,273.26,153.26,4,23.0,2024-08
882,1590,713,6,Wedding Collection,Weddings,2024-04-29,2024-08-27,completed,3184.54,Instagram,2024-04-22,2024-04-23 00:00:00,1150,1592.27,True,1592.27,1592.27,442.27,7,24.0,2024-04
883,1522,658,4,Milestone,Graduation,2025-10-15,2026-01-03,completed,501.21,Paid Advertisement,2025-10-14,2025-10-16 04:00:00,120,175.42,True,325.78999999999996,175.42,55.41999999999999,1,52.0,2025-10
884,1612,258,5,Brand Builder,Branding/headshots,2024-04-08,2024-04-30,completed,816.34,Google Search,2024-04-02,2024-04-04 14:00:00,210,816.34,True,0.0,816.34,606.34,6,62.0,2024-04
885,569,564,5,Brand Builder,Branding/headshots,2024-11-28,2025-02-03,completed,845.58,Referral,2024-11-06,2024-11-08 12:00:00,210,845.58,True,0.0,845.58,635.58,22,60.0,2024-11
886,1144,858,4,Milestone,Graduation,2024-12-02,2025-02-12,completed,520.79,Google Search,2024-11-08,2024-11-09 23:00:00,120,520.79,True,0.0,520.79,400.78999999999996,24,47.0,2024-12
887,1681,65,6,Wedding Collection,Weddings,2025-12-20,2026-03-02,completed,3253.37,Paid Advertisement,2025-12-03,2025-12-05 01:00:00,1150,3253.37,True,0.0,3253.37,2103.37,17,49.0,2025-12
888,1679,485,1,Mini Moment,Mini sessions,2024-02-17,2024-04-20,completed,235.6,Referral,2024-02-16,2024-02-16 21:00:00,55,235.6,True,0.0,235.6,180.6,1,21.0,2024-02
889,1662,228,3,Signature Story,Couples,2025-03-12,2025-05-26,cancelled,669.5,Instagram,2025-02-22,2025-02-23 18:00:00,145,669.5,False,0.0,669.5,524.5,18,42.0,2025-03
890,1276,305,2,Essential Portrait,Family portraits,2025-05-03,2025-05-17,cancelled,443.73,Local Event,2025-04-27,2025-04-27 04:00:00,110,443.73,False,0.0,443.73,333.73,6,4.0,2025-05
891,1584,428,1,Mini Moment,Mini sessions,2025-11-25,2026-01-23,confirmed,221.07,Instagram,2025-11-16,2025-11-17 08:00:00,55,221.07,False,0.0,221.07,166.07,9,32.0,2025-11
892,1599,919,2,Essential Portrait,Maternity,2024-05-31,2024-08-16,completed,444.16,Google Search,2024-05-25,2024-05-27 22:00:00,110,444.16,True,0.0,444.16,334.16,6,70.0,2024-05
893,640,10,6,Wedding Collection,Weddings,2025-08-19,2025-10-06,completed,2914.59,Instagram,2025-08-12,2025-08-13 17:00:00,1150,2914.59,True,0.0,2914.59,1764.5900000000001,7,41.0,2025-08
894,1332,242,2,Essential Portrait,Family portraits,2025-10-11,2025-10-26,rescheduled,457.0,Facebook,2025-09-18,2025-09-18 09:00:00,110,457.0,False,0.0,457.0,347.0,23,9.0,2025-10
895,1336,1154,2,Essential Portrait,Family portraits,2025-12-09,2026-04-05,completed,464.89,Google Search,2025-11-18,2025-11-19 03:00:00,110,464.89,True,0.0,464.89,354.89,21,27.0,2025-12
896,1102,226,5,Brand Builder,Branding/headshots,2025-12-19,2026-01-13,completed,810.57,Google Search,2025-11-30,2025-12-02 03:00:00,210,810.57,True,0.0,810.57,600.57,19,51.0,2025-12
897,715,653,5,Brand Builder,Branding/headshots,2026-01-04,2026-04-23,completed,793.28,Paid Advertisement,2025-12-28,2025-12-30 15:00:00,210,396.64,True,396.64,396.64,186.64,7,63.0,2026-01
898,62,888,6,Wedding Collection,Weddings,2025-06-05,2025-06-27,completed,3008.32,Wedding Vendor,2025-05-13,2025-05-15 18:00:00,1150,3008.32,True,0.0,3008.32,1858.3200000000002,23,66.0,2025-06
899,967,1137,2,Essential Portrait,Newborn,2024-10-26,2024-12-17,rescheduled,466.67,Facebook,2024-10-13,2024-10-15 19:00:00,110,0.0,False,466.67,0.0,-110.0,13,67.0,2024-10
900,676,786,4,Milestone,Graduation,2024-10-25,2025-01-07,rescheduled,539.07,Referral,2024-10-18,2024-10-18 03:00:00,120,0.0,False,539.07,0.0,-120.0,7,3.0,2024-10
